4.05,22,1,2,9,0,0,0,258,6,-12,2,3,3,3,282
4.05,22,-1,6,6,-40,34,85,94,-10,-44,3,3,3,3,282
4.05,22,1,1,8,4,9,6,162,11,-5,3,3,3,3,282
4.05,22,-2,1,9,0,7,4,145,-9,-9,3,3,3,3,282
4.05,22,1,3,8,17,21,5,99,0,-21,3,3,3,3,282
4.05,22,0,3,8,-37,20,43,30,3,-25,3,3,3,3,282
4.05,22,2,0,10,-9,0,-82,104,12,7,3,3,3,3,282
4.05,22,1,0,10,-21,10,-24,158,10,-3,3,3,3,3,282
4.05,22,0,1,8,-24,-15,1,156,8,3,3,3,3,3,283
4.05,22,-1,-1,12,0,15,53,135,-9,6,3,3,3,3,283
4.05,22,-2,-2,11,-1,-12,-46,142,-6,11,3,3,3,3,283
4.05,22,0,-2,7,-11,6,30,117,1,21,3,3,3,3,283
4.05,22,0,-1,6,-10,-2,-36,96,-4,14,3,3,3,3,283
4.05,22,-1,0,10,-5,-12,-66,63,-9,6,3,3,3,3,283
4.05,22,0,0,9,5,27,-122,39,-8,-2,3,3,3,3,283
4.05,22,-1,0,8,-7,-16,-24,16,-6,0,3,3,3,3,283
4.05,22,-1,0,8,19,19,6,42,-14,-3,3,3,3,3,283
4.05,22,-2,0,7,-1,-49,-4,38,-17,-1,3,3,3,3,283
4.05,22,0,0,9,0,11,0,47,-7,-4,3,3,3,2,283
4.05,22,-1,0,9,6,-4,-62,46,-7,1,3,3,3,2,284
4.05,22,0,0,9,-3,-38,1,84,-4,6,3,3,3,2,284
4.05,22,-1,-1,9,2,-4,-25,62,-11,12,3,3,3,3,284
4.05,22,-1,-4,9,-15,24,-27,93,-5,28,3,3,3,3,284
4.05,22,2,-9,2,-43,32,5,99,6,78,3,3,3,3,284
4.05,22,-2,-9,1,-6,-5,12,79,-15,81,3,3,3,3,284
4.05,22,-2,-9,0,3,-20,-6,84,-14,88,3,3,3,3,284
4.05,22,-1,-9,0,1,-1,0,87,-10,86,3,3,3,3,284
4.05,22,-1,-9,0,0,0,0,83,-11,87,3,3,3,3,284
4.05,23,-2,-9,2,-37,12,-5,83,-12,87,3,3,3,3,284
4.05,22,0,-3,10,-28,5,170,79,-7,-15,3,3,3,3,284
4.05,22,-1,0,10,0,16,-19,154,-12,-1,2,3,3,3,284
4.05,22,0,0,9,-22,-10,283,95,-6,3,0,3,3,3,285
4.05,22,-1,0,9,-24,2,146,83,-7,0,2,3,3,3,285
4.05,22,-1,-1,10,30,11,-179,78,-7,0,2,3,3,3,285
4.05,22,0,-1,9,-8,0,9,1,-9,10,1,3,3,3,285
4.05,22,0,-1,9,12,-2,-48,236,-2,6,0,3,3,3,285
4.05,22,0,0,10,-15,-23,236,351,1,1,3,3,3,3,285
4.05,22,0,0,9,28,20,-180,177,2,1,1,3,3,2,285
4.05,22,0,-1,9,6,-8,5,249,-3,6,2,3,3,2,285
4.05,22,-1,-1,9,15,1,-45,17,-6,3,2,3,3,2,285
4.05,23,0,0,9,10,-3,-58,149,-2,0,3,3,3,2,285
4.05,22,-1,0,9,-9,-8,118,233,0,6,3,3,3,2,285
4.05,22,0,0,10,-14,-2,122,114,-10,6,0,3,3,2,285
4.05,22,0,0,9,5,-2,-116,41,-2,5,3,3,3,2,286
4.05,22,-1,0,10,14,0,-56,279,0,4,1,3,3,2,286
4.05,22,0,-1,9,11,3,-133,264,-16,23,3,3,3,2,286
4.05,22,0,-1,10,17,9,-160,116,-2,0,2,3,3,2,286
4.05,22,-1,0,9,-5,-9,101,345,-2,0,2,3,3,2,286
4.05,22,-1,0,8,12,8,-65,263,-11,6,3,3,3,2,286
4.05,22,-2,0,8,-34,-21,361,83,-10,0,2,3,3,2,286
4.05,22,-1,-1,9,-5,-19,156,308,-3,1,0,3,3,2,286
4.05,22,0,0,9,-19,-27,305,168,5,-5,0,3,3,2,286
4.05,22,0,0,9,5,9,-97,6,1,-4,2,3,3,2,286
4.05,22,0,-1,9,-2,-9,93,305,-9,8,3,3,3,2,286
4.05,22,0,-1,9,12,3,-115,138,-3,0,3,3,3,2,286
4.05,22,0,-1,9,-1,9,-5,60,-6,7,3,3,3,2,287
4.05,22,0,0,9,-7,-6,107,56,0,4,3,3,3,2,287
4.05,23,0,0,9,0,1,8,119,-2,5,0,3,3,2,287
4.05,23,0,-1,10,0,3,27,18,-5,2,2,3,3,2,287
4.05,22,-1,-1,9,24,11,-206,70,-3,1,0,3,3,2,287
4.05,22,0,-1,10,6,9,20,217,-5,-1,3,3,3,2,287
4.05,22,0,0,9,24,24,-248,32,-14,-4,0,3,3,2,287
4.05,22,0,-1,9,-3,-9,80,330,0,12,2,3,3,2,287
4.05,22,-1,0,9,-14,-14,125,66,0,8,2,3,3,2,287
4.05,22,0,0,9,-5,-9,66,213,-3,7,1,3,3,2,287
4.05,22,-1,0,8,-2,1,-38,210,-8,3,1,3,3,2,287
4.05,22,0,-1,10,1,-7,10,35,-3,3,2,3,3,2,287
4.05,22,0,0,9,-19,-3,44,146,-3,3,1,3,3,2,288
4.05,22,0,-1,9,-3,0,-21,27,-1,7,1,3,3,2,288
4.05,22,0,0,10,8,8,-51,119,-6,4,0,3,3,2,288
4.05,22,-1,0,9,30,6,-294,271,-13,-8,1,3,3,2,288
4.05,22,0,0,9,0,0,-93,357,0,3,3,3,3,2,288
4.05,22,0,0,9,1,-3,25,3,-4,0,1,3,3,2,288
4.05,22,-1,0,9,-5,-8,39,225,-3,2,2,3,3,2,288
4.05,22,0,-1,9,18,18,-166,290,-9,7,3,3,3,2,288
4.05,22,-1,0,9,13,6,-84,112,-8,4,2,3,3,2,288
4.05,22,-1,-1,9,-2,-10,26,219,-3,5,2,3,3,2,288
4.05,22,-1,0,9,7,17,-148,273,-13,10,3,3,3,2,288
4.05,22,-1,-1,9,15,9,-108,184,-3,6,3,3,3,2,288
4.05,22,0,0,10,14,12,-56,53,-8,0,1,3,3,2,289
4.05,22,0,-1,9,-8,-8,63,12,1,12,3,3,3,2,289
4.05,22,0,0,9,-9,-4,102,188,-3,4,1,3,3,2,289
4.05,22,-1,-1,9,19,5,-151,236,-6,5,0,3,3,2,289
4.05,22,0,-1,9,7,4,-15,124,-8,3,3,3,3,2,289
4.05,22,-1,0,9,-3,4,26,91,-7,5,3,3,3,2,289
4.05,22,0,-1,9,6,-7,41,66,6,4,3,3,3,2,289
4.05,22,-1,0,9,-6,-11,53,121,-3,8,3,3,3,2,289
4.05,22,0,-1,9,0,-1,54,65,-4,3,3,3,3,2,289
4.05,22,-1,0,9,-3,-2,11,184,-4,4,3,3,3,2,289
4.05,22,0,0,9,0,-1,26,69,-2,3,3,3,3,2,289
4.05,22,-1,0,9,0,-13,52,116,-3,6,2,3,3,2,289
4.05,22,0,0,9,3,1,13,16,-4,2,2,3,3,2,290
4.05,22,0,0,9,0,-8,43,88,0,4,2,3,3,2,290
4.05,22,0,0,9,0,-2,59,294,-4,2,2,3,3,2,290
4.05,22,0,0,9,5,-2,4,43,-3,2,3,3,3,2,290
4.05,22,0,-1,9,0,-6,29,196,-2,4,3,3,3,2,290
4.05,22,0,-1,9,0,-6,48,344,-2,4,1,3,3,2,290
4.05,22,0,0,10,-1,-5,51,113,-2,4,2,3,3,2,290
4.05,22,0,0,9,5,-3,12,312,-3,3,1,3,3,2,290
4.05,22,0,0,9,-5,-3,50,52,-2,4,2,3,3,2,290
4.05,22,0,-1,9,0,-5,83,262,-2,2,2,3,3,2,290
4.05,22,-1,-1,10,-3,-9,76,16,-2,4,2,3,3,2,290
4.05,22,0,0,10,-2,-2,82,216,-4,2,2,3,3,2,290
4.05,22,0,0,9,1,-6,43,323,-3,4,1,3,3,2,291
4.05,22,-1,-1,9,0,-9,67,127,-2,2,2,3,3,2,291
4.05,22,0,0,9,8,1,12,355,-3,0,0,3,3,2,291
4.05,22,0,-1,9,-3,-8,83,32,-3,5,2,3,3,2,291
4.05,22,0,0,9,2,0,25,274,-5,2,3,3,3,2,291
4.05,22,0,0,9,-3,-8,35,357,-2,4,3,3,3,2,291
4.05,22,0,0,9,-2,-2,37,206,-4,2,2,3,3,1,291
4.05,22,0,-1,9,1,1,25,22,-2,2,1,3,3,2,291
4.05,22,0,-1,9,0,-7,32,51,-4,4,1,3,3,2,291
4.05,22,-1,-1,9,12,-1,-16,289,-3,3,0,3,3,2,291
4.05,22,-1,0,9,-7,-2,-4,286,-5,6,3,3,3,2,291
4.05,22,0,0,9,-4,1,72,266,-4,2,3,3,3,2,291
4.05,22,-1,-1,9,-3,-9,64,331,-3,4,3,3,3,2,292
4.05,22,0,-1,10,10,3,-19,211,-4,1,3,3,3,2,292
4.05,22,0,-1,9,-1,-6,21,292,-3,5,0,3,3,2,292
4.05,22,0,-1,9,-4,-2,101,159,-4,2,1,3,3,2,292
4.05,22,-1,0,9,4,-4,4,280,-3,4,0,3,3,2,292
4.05,22,0,-1,9,-1,-4,61,88,-3,3,2,3,3,2,292
4.05,22,0,-1,9,0,-3,61,292,-4,3,1,3,3,2,292
4.05,22,0,-1,9,-7,-17,137,30,0,6,2,3,3,2,292
4.05,22,-1,0,9,1,-7,2,127,-4,6,2,3,3,2,292
4.05,22,0,0,9,-7,-7,53,256,-6,5,2,3,3,2,292
4.05,22,-1,0,9,-8,-12,90,140,-5,7,2,3,3,2,292
4.05,22,0,0,9,10,4,-53,125,-5,2,2,3,3,2,292
4.05,22,-1,-1,9,5,-5,-6,171,-2,6,3,3,3,2,293
4.05,22,0,0,9,0,-4,68,26,-4,2,3,3,3,2,293
4.05,21,0,0,9,1,-1,11,43,-4,4,3,3,3,2,293
4.05,22,-1,-1,9,5,4,-29,18,-5,4,1,3,3,2,293
4.05,22,0,0,9,-10,-4,8,144,-5,8,3,3,3,2,293
4.05,22,0,0,9,-5,1,94,85,-5,2,3,3,3,2,293
4.05,21,0,0,10,0,-7,5,96,-3,5,3,3,3,2,293
4.05,21,-1,0,9,-3,0,22,27,-7,3,3,3,3,2,293
4.05,21,0,0,9,-6,-3,119,345,-8,-1,3,3,3,2,293
4.05,21,-1,0,9,-7,-5,58,74,-3,5,2,3,3,2,293
4.05,21,0,0,9,0,3,-10,42,-5,3,0,3,3,2,293
4.05,21,0,-1,9,10,1,-56,68,-4,4,1,3,3,2,293
4.05,21,0,0,9,-1,-4,63,34,-4,4,3,3,3,2,294
4.05,21,0,0,9,0,-2,56,162,-2,1,2,3,3,2,294
4.05,21,-1,0,9,0,-6,22,277,-5,5,0,3,3,2,294
4.04,21,-1,0,10,0,-3,78,110,-7,-2,3,3,3,2,294
4.05,21,-1,0,9,-1,-5,50,80,-4,7,1,3,3,2,294
4.05,21,-1,0,9,4,3,-19,0,-5,2,1,3,3,2,294
4.05,21,0,0,9,-2,-1,73,205,-4,1,2,3,3,2,294
4.05,21,-1,-1,9,1,-6,10,288,-4,4,2,3,3,2,294
4.05,21,0,0,9,0,5,6,265,-6,4,2,3,3,2,294
4.05,21,0,0,10,1,-4,19,264,-3,4,2,3,3,2,294
4.05,21,0,-1,9,7,-1,-47,97,-3,5,3,3,3,2,294
4.05,21,-1,0,9,-5,-2,55,27,-5,2,2,3,3,2,294
4.04,21,-1,0,9,-3,-3,42,65,-4,5,1,3,3,1,295
4.05,21,-1,-1,9,5,0,-23,316,-3,3,2,3,3,1,295
4.05,21,0,0,9,3,-5,-11,167,-5,4,3,3,3,1,295
4.05,21,0,-1,10,6,-1,5,3,-3,2,2,3,3,2,295
4.04,21,0,0,9,-5,-5,78,334,-5,4,0,3,3,2,295
4.04,21,-1,-1,9,1,-5,29,323,-5,4,1,3,3,2,295
4.04,21,0,0,9,9,9,-61,246,-7,3,3,3,3,2,295
4.05,21,0,0,9,-4,-9,57,289,-2,7,0,3,3,2,295
4.05,21,0,0,9,5,0,-10,93,-4,3,3,3,3,2,295
4.05,21,-1,0,9,-1,-9,54,3,-5,4,3,3,3,2,295
4.04,21,-1,-1,9,5,-5,-24,202,-4,4,2,3,3,2,295
4.05,21,0,0,9,-3,-4,62,46,-4,3,3,3,3,2,295
4.04,21,0,0,9,0,-4,23,141,-3,4,3,3,3,2,296
4.05,20,0,0,9,-5,-3,39,315,-4,5,0,3,3,1,296
4.04,20,-1,-1,9,3,-5,3,150,-3,5,2,3,3,1,296
4.04,20,0,-1,9,0,-5,10,285,-3,5,2,3,3,1,296
4.05,20,0,0,9,0,-3,57,154,-2,2,2,3,3,1,296
4.04,20,0,0,9,-3,-3,36,225,-4,5,2,3,3,1,296
4.04,20,0,-1,9,2,0,17,211,-4,2,1,3,3,1,296
4.04,20,0,0,9,-1,-6,27,4,-3,4,2,3,3,1,296
4.05,20,0,-1,9,-3,0,52,193,-4,4,2,3,3,1,296
4.04,20,0,-1,9,7,-5,-24,14,-4,4,0,3,3,1,296
4.04,20,-1,-1,9,-3,-6,40,205,-3,3,0,3,3,1,296
4.04,20,0,0,10,-5,2,95,269,-8,3,1,3,3,1,297
4.04,20,0,0,10,-9,-13,129,207,-3,9,3,3,3,2,297
4.04,20,0,-1,9,-5,-2,59,175,-4,6,3,3,3,1,297
4.05,20,0,0,9,-4,-5,77,355,-4,2,2,3,3,1,297
4.04,20,-1,0,9,0,-5,50,167,-2,2,1,3,3,1,297
4.04,20,-1,0,9,-4,-1,0,322,-4,5,2,3,3,1,297
4.04,20,0,0,9,2,4,-24,335,-6,4,0,3,3,1,297
4.04,20,0,0,9,0,-1,44,252,-4,4,2,3,3,1,297
4.04,19,-1,0,9,-4,-7,15,235,-3,6,1,3,3,1,297
4.04,20,0,0,9,6,2,-44,345,-6,7,1,3,3,2,297
4.04,19,0,-1,9,-9,-1,89,7,-5,7,2,3,3,2,297
4.04,19,-1,0,9,0,-10,55,142,-5,4,3,3,3,2,297
4.04,19,-1,0,9,2,-1,-2,16,-5,2,0,3,3,1,298
4.04,19,0,0,9,4,0,32,300,-3,2,0,3,3,1,298
4.04,19,-1,-1,9,-2,-9,56,42,-2,5,0,3,3,1,298
4.04,19,-1,0,9,-3,0,8,262,-4,2,0,3,3,1,298
4.04,19,0,0,9,2,-1,10,258,-4,1,0,3,3,1,298
4.04,19,0,-1,9,3,-3,31,101,-2,3,0,3,3,1,298
4.04,19,0,0,9,-3,-7,35,159,-2,4,2,3,3,1,298
4.04,19,0,0,9,0,-4,44,153,-2,2,2,3,3,1,298
4.04,19,0,0,9,-3,0,45,100,-4,4,2,3,3,1,298
4.04,19,0,0,10,10,1,-12,162,-3,1,2,3,3,1,298
4.04,19,0,0,10,7,0,-6,287,-3,1,0,3,3,1,298
4.04,19,0,0,9,5,-1,5,31,-3,2,2,3,3,1,298
4.04,19,0,0,9,2,-1,32,88,-3,1,2,3,3,1,299
4.04,19,0,0,9,0,4,11,302,-8,1,2,3,3,1,299
4.04,19,0,0,9,0,3,14,270,-6,4,3,3,3,1,299
4.04,19,0,0,9,5,1,-68,338,1,1,0,3,3,2,299
4.04,19,0,0,9,2,0,-1,51,-3,2,1,3,3,2,299
4.04,19,0,0,9,-1,-6,78,38,-4,3,2,3,3,2,299
4.04,18,0,0,9,-8,-4,103,37,-8,2,2,3,3,2,299
4.04,18,0,-1,9,3,-7,20,27,-2,3,2,3,3,2,299
4.04,18,0,0,9,-1,0,-20,284,-4,3,3,3,3,1,299
4.04,18,0,0,10,5,1,-15,180,-3,2,2,3,3,1,299
4.04,18,0,-1,9,-5,-3,59,224,-4,4,0,3,3,1,299
4.04,18,0,-1,9,3,-6,38,301,-3,4,1,3,3,1,299
4.04,18,0,0,10,-1,-6,68,5,-1,4,2,3,3,1,300
4.04,18,-1,0,9,5,-1,-50,284,-4,5,1,3,3,1,300
4.04,18,0,0,9,2,5,-46,261,-6,3,3,3,3,1,300
4.04,18,0,-1,9,4,-1,10,353,-2,5,1,3,3,1,300
4.04,18,0,0,8,-6,0,37,258,-9,3,1,3,3,2,300
4.04,18,-1,0,9,-1,-10,35,130,-1,7,3,3,3,2,300
4.04,18,0,0,9,-1,4,43,12,-3,2,0,3,3,2,300
4.04,18,0,0,9,-4,-3,62,44,-6,3,2,3,3,2,300
4.04,18,0,0,9,2,6,-12,78,-4,4,3,3,3,2,300
4.04,18,0,0,9,0,4,-30,39,-5,5,2,3,3,2,300
4.04,17,0,0,9,-2,5,-26,290,-5,5,2,3,3,2,300
4.04,17,0,0,9,-3,-4,21,122,-5,6,2,3,3,2,300
4.04,17,-1,-1,9,0,-2,12,174,-3,3,3,3,3,1,301
4.04,17,0,0,9,8,-4,1,310,-4,1,0,3,3,2,301
4.04,17,0,0,9,-19,6,108,98,-7,4,1,3,3,2,301
4.04,17,-1,0,9,-4,-7,93,119,0,-12,1,3,3,2,301
4.04,17,0,-1,9,5,-4,28,60,-1,4,1,3,3,2,301
4.04,17,0,0,9,5,-5,1,123,-3,4,3,3,3,2,301
4.04,17,0,-1,9,6,14,-73,328,-7,3,2,3,3,2,301
4.04,17,-1,0,9,13,4,-130,97,-9,-2,3,3,3,2,301
4.04,17,0,-1,9,8,5,-14,156,-4,6,1,3,3,2,301
4.04,17,0,-1,10,-7,3,-42,151,-5,9,2,3,3,2,301
4.04,17,0,0,9,0,0,80,341,-3,4,1,3,3,2,301
4.04,17,0,0,9,10,-4,-8,95,-3,1,2,3,3,2,301
4.04,17,0,0,9,5,2,-19,234,-4,3,3,3,3,2,302
4.04,17,-1,0,9,-1,-4,11,186,-2,3,2,3,3,2,302
4.03,17,0,0,9,2,-1,-38,73,-5,0,3,3,3,2,302
4.04,16,0,0,9,1,2,-32,260,-4,6,3,3,3,2,302
4.04,16,0,0,9,2,6,-34,57,-6,1,3,3,3,2,302
4.04,16,0,0,8,-4,-3,13,326,-1,3,3,3,3,2,302
4.03,16,0,0,10,1,6,11,62,-6,2,3,3,3,2,302
4.04,16,0,0,9,7,0,-63,311,-3,2,2,3,3,2,302
4.04,16,0,0,10,6,2,-55,206,-5,0,3,3,3,2,302
4.03,16,-1,0,9,2,2,-21,241,-5,3,3,3,3,2,302
4.03,16,-1,0,9,8,-1,-45,289,-4,2,2,3,3,2,302
4.03,16,0,0,9,0,-3,52,55,-3,2,2,3,3,2,302
4.03,16,0,0,9,1,1,-23,121,-3,2,3,3,3,1,303
4.04,16,0,0,9,0,2,2,30,-4,5,0,3,3,1,303
4.04,16,0,0,9,5,0,-54,118,-5,3,1,3,3,1,303
4.03,16,-1,-1,9,5,2,-42,120,-6,3,2,3,3,1,303
4.03,16,0,0,9,-6,1,7,115,-4,7,0,3,3,1,303
4.03,16,0,0,9,17,11,-135,124,-13,-2,2,3,3,1,303
4.03,16,0,0,9,6,7,-92,108,-4,6,3,3,3,1,303
4.03,16,0,-1,9,10,5,-50,308,-6,4,0,3,3,1,303
4.03,15,-1,0,9,0,0,2,237,-6,5,1,3,3,1,303
4.03,15,0,0,10,12,10,-82,256,-8,2,3,3,3,1,303
4.03,15,0,0,9,2,0,4,207,-5,3,3,3,3,1,303
4.03,15,0,-1,8,9,1,-30,56,-5,3,0,3,3,1,303
4.03,15,0,0,9,-9,-15,97,16,-3,11,1,3,3,2,304
4.03,15,0,-1,9,-4,-8,62,331,-6,5,3,3,3,2,304
4.03,15,0,0,9,-2,-5,38,98,0,2,1,3,3,2,304
4.03,15,-1,0,9,3,2,-25,251,-8,4,3,3,3,2,304
4.03,15,0,0,10,6,7,-43,249,-5,4,2,3,3,2,304
4.03,14,0,0,10,8,5,-48,341,-6,3,3,3,3,2,304
4.03,14,0,-1,9,10,8,-91,293,-6,6,2,3,3,2,304
4.03,14,-1,0,9,0,5,-102,241,-7,4,2,3,3,2,304
4.03,14,0,-1,10,13,0,-56,99,-3,3,3,3,3,2,304
4.03,14,0,0,9,4,-1,-27,6,-5,1,2,3,3,2,304
4.03,14,0,0,9,9,0,-29,250,-3,0,2,3,3,2,304
4.03,14,-1,0,9,2,-6,13,197,-3,3,2,3,3,2,304
4.03,14,0,-1,10,6,7,0,238,-4,3,3,3,3,2,305
4.03,14,0,0,9,-5,-2,55,76,-7,2,3,3,3,2,305
4.03,14,0,0,8,-2,-1,41,165,-5,6,3,3,3,2,305
4.03,14,0,0,10,0,-2,2,262,-4,3,1,3,3,1,305
4.03,14,-1,0,9,-2,1,-25,222,-6,2,3,3,3,2,305
4.03,13,0,0,9,1,3,3,139,-3,-1,2,3,3,2,305
4.03,13,0,0,9,-7,-10,112,100,-5,9,2,3,3,2,305
4.03,13,0,0,9,-8,-4,67,348,-5,5,3,3,3,2,305
4.03,13,0,0,9,-2,-3,14,148,-4,6,2,3,3,2,305
4.03,13,0,0,9,1,6,-27,20,-6,3,1,3,3,1,305
4.03,13,0,0,9,0,3,-29,185,-4,3,2,3,3,1,305
4.03,13,0,0,9,7,8,-64,332,-7,3,2,3,3,1,305
4.03,13,0,0,9,4,8,-8,297,-4,4,0,3,3,1,306
4.03,13,0,0,9,1,7,-22,282,0,4,3,3,3,1,306
4.03,13,-1,0,10,-2,-2,17,80,-6,4,0,3,3,1,306
4.03,12,0,-1,9,-15,-2,98,48,-6,9,3,3,3,2,306
4.03,12,0,-1,10,-4,0,33,12,-3,3,2,3,3,1,306
4.03,12,0,0,9,1,0,15,91,-5,1,2,3,3,2,306
4.03,12,0,0,8,-7,-6,49,283,-1,3,1,3,3,2,306
4.03,12,0,0,9,-1,0,-5,292,-3,3,3,3,3,2,306
4.03,12,0,0,9,3,8,-53,100,-4,9,3,3,3,2,306
4.03,12,0,0,9,6,2,-76,126,-1,4,3,3,3,1,306
4.03,12,0,0,9,3,-1,24,131,-5,3,0,3,3,1,306
4.03,12,-1,0,9,-6,-7,3,119,-2,2,1,3,3,1,306
4.03,12,0,0,8,8,6,-103,312,0,8,0,3,3,1,307
4.03,12,0,-1,9,3,11,-39,260,-6,6,3,3,3,2,307
4.03,11,0,0,9,7,10,-33,197,-3,4,1,3,3,2,307
4.03,11,0,0,9,-1,0,-7,135,-3,8,1,3,3,2,307
4.03,11,0,-1,9,20,6,-86,347,-4,0,0,3,3,2,307
4.03,11,0,-1,10,7,-5,-9,165,-5,2,2,3,3,2,307
4.03,11,0,0,9,-5,-9,123,92,-1,-7,2,3,3,2,307
4.03,11,0,0,9,-18,-5,93,302,-3,7,1,3,3,2,307
4.03,11,-1,-1,9,-3,-21,148,85,-19,12,2,3,3,2,307
4.03,11,-1,0,10,18,4,-83,307,-5,0,0,3,3,2,307
4.03,11,0,-1,9,-8,6,66,36,-4,7,1,3,3,2,307
4.03,11,-1,0,9,13,6,-83,133,-7,-3,3,3,3,2,307
4.03,11,0,-1,10,15,1,-94,123,-4,2,3,3,3,2,308
4.03,10,0,0,9,-6,4,12,313,-6,0,2,3,3,2,308
4.03,10,0,0,10,6,1,6,347,-4,0,2,3,3,2,308
4.03,10,0,0,9,-5,-4,21,217,-4,4,3,3,3,2,308
4.03,10,-1,0,9,5,-2,-25,211,-5,0,1,3,3,2,308
4.03,10,0,-1,9,12,4,-40,180,-6,4,3,3,3,2,308
4.03,10,0,-1,9,2,-5,39,128,-5,6,2,3,3,2,308
4.03,10,0,0,9,-10,-5,91,278,-2,2,3,3,3,2,308
4.03,10,-1,0,9,-10,-4,53,172,-4,6,2,3,3,2,308
4.03,9,0,0,9,-7,-10,102,213,-1,3,3,3,3,2,308
4.03,10,0,0,9,-4,-2,43,350,-5,6,3,3,3,2,308
4.03,9,0,0,9,4,-3,-17,93,-2,3,3,3,3,2,308
4.03,9,0,0,9,6,5,-53,232,-2,4,2,3,3,2,309
4.03,9,0,-1,9,4,9,-93,143,-7,7,3,3,3,2,309
4.03,9,0,0,9,4,10,-51,149,-6,5,3,3,3,2,309
4.03,9,-1,0,10,8,4,-35,38,-6,2,2,3,3,2,309
4.03,9,0,-1,9,0,-5,50,29,-5,6,3,3,3,2,309
4.03,9,-1,0,9,-13,-7,118,11,-10,7,3,3,3,2,309
4.03,9,-1,0,9,-8,-3,122,244,-15,-1,3,3,3,2,309
4.03,9,-1,0,9,-12,-10,75,38,-3,3,3,3,3,2,309
4.03,9,0,0,9,-7,-6,35,128,-6,6,1,3,3,2,309
4.03,8,-1,0,9,0,0,-51,28,-5,4,2,3,3,2,309
4.03,8,-1,0,9,1,2,-7,70,-6,2,3,3,3,2,309
4.03,8,0,-1,9,0,-3,37,277,-3,4,3,3,3,2,309
4.03,8,0,0,9,-10,-10,124,262,-1,6,2,3,3,2,310
4.03,8,0,0,9,-4,-5,67,309,0,5,0,3,3,1,310
4.02,8,0,0,10,-4,-4,73,39,-2,2,0,3,3,1,310
4.03,8,0,-1,10,-4,-10,83,1,0,5,2,3,3,1,310
4.03,8,0,0,9,0,3,9,151,-6,0,0,3,3,1,310
4.03,8,0,0,10,21,10,-91,141,-4,-1,1,3,3,2,310
4.02,8,0,0,9,1,4,23,143,-3,7,1,3,3,2,310
4.03,8,0,0,9,0,5,18,48,-7,4,2,3,3,2,310
4.03,8,0,0,10,-5,13,24,8,-5,3,0,3,3,2,310
4.03,8,0,0,9,8,1,-61,302,0,9,3,3,3,2,310
4.03,8,0,0,9,2,9,-54,186,-8,5,3,3,3,2,310
4.02,8,0,0,9,2,5,-19,108,-5,4,3,3,3,2,311
4.03,8,-1,-1,9,-4,0,22,243,-6,4,1,3,3,2,311
4.02,7,0,0,10,-14,-8,84,102,-2,7,3,3,3,2,311
4.02,8,-1,0,8,6,0,-25,239,-5,2,2,3,3,2,311
4.03,7,0,0,10,-1,-1,18,54,-3,0,2,3,3,2,311
4.02,7,0,0,9,-10,1,69,131,-7,3,3,3,3,2,311
4.03,7,0,-1,9,-7,-6,79,89,-1,4,3,3,3,2,311
4.02,7,-1,0,10,11,0,-36,209,-4,0,3,3,3,2,311
4.02,7,0,-1,9,19,17,-153,301,-9,4,1,3,3,2,311
4.02,7,0,0,9,0,2,-26,356,-2,2,3,3,3,2,311
4.02,7,0,0,9,10,7,-100,252,-7,7,2,3,3,2,311
4.02,7,0,0,9,3,8,-85,295,-6,6,3,3,3,2,311
4.02,7,0,0,9,6,0,-70,326,-7,1,3,3,3,2,312
4.02,7,0,-1,9,15,0,-82,107,-6,4,3,3,3,2,312
4.02,7,0,0,9,3,-1,-9,337,-5,0,3,3,3,2,312
4.02,7,0,0,9,-6,-8,4,153,-5,3,2,3,3,2,312
4.02,7,0,0,9,-3,0,11,69,-3,1,0,3,3,2,312
4.02,7,0,0,10,0,-6,79,73,-2,0,3,3,3,2,312
4.02,7,0,-1,9,6,7,-18,141,-5,3,2,3,3,2,312
4.02,7,-1,0,9,9,1,-88,349,-9,1,1,3,3,2,312
4.02,7,-1,0,9,21,10,-117,318,-9,0,2,3,3,2,312
4.02,7,0,-1,9,0,-2,83,323,-4,3,3,3,3,2,312
4.02,7,0,-1,10,-6,-4,126,285,-9,11,1,3,3,2,312
4.02,6,-1,0,9,1,5,14,153,-8,3,1,3,3,2,312
4.02,6,0,0,9,12,7,-38,127,-6,4,3,3,3,2,313
4.02,6,0,-1,9,1,13,-62,144,-6,9,2,3,3,2,313
4.02,6,0,-1,9,4,13,-60,111,-3,12,3,3,3,2,313
4.02,6,0,0,9,4,7,-37,20,-4,7,2,3,3,2,313
4.02,6,-1,0,9,5,8,-111,348,-7,9,2,3,3,2,313
4.02,6,0,0,9,0,0,-1,211,-3,2,3,3,3,2,313
4.02,6,0,0,9,0,-3,33,60,-5,2,3,3,3,2,313
4.02,6,-1,0,9,-6,-9,56,324,-9,0,3,3,3,2,313
4.02,6,0,0,9,-3,-9,45,299,-6,3,0,3,3,2,313
4.02,6,-1,0,9,2,-5,8,229,-5,2,3,3,3,2,313
4.02,6,0,0,9,-3,0,29,328,-5,6,2,3,3,2,313
4.02,6,0,0,9,-3,0,7,295,-4,6,2,3,3,2,313
4.02,6,0,0,9,7,4,-54,132,-5,4,3,3,3,2,314
4.02,6,0,0,9,5,2,-48,19,-5,4,1,3,3,2,314
4.02,6,0,0,9,9,5,-44,323,-5,4,3,3,3,2,314
4.02,6,0,0,9,3,3,-43,208,-6,3,1,3,3,1,314
4.02,6,0,0,10,0,-6,-22,50,-1,5,3,3,3,2,314
4.02,6,0,0,9,6,-2,-19,71,-4,2,3,3,3,2,314
4.02,6,0,0,9,9,2,-40,352,-7,2,0,3,3,2,314
4.02,6,0,0,9,18,28,-203,87,-12,9,1,3,3,2,314
4.02,6,0,-1,9,7,10,-68,49,-4,6,2,3,3,2,314
4.02,6,-1,0,9,3,7,-53,326,-6,6,0,3,3,2,314
4.02,5,0,0,9,4,17,-62,190,-11,1,3,3,3,2,314
4.02,5,0,0,9,7,-7,-27,87,0,3,2,3,3,2,314
4.02,5,-1,-1,9,4,-13,-6,136,-4,9,2,3,3,2,315
4.02,5,0,-1,9,0,-11,51,215,0,4,3,3,3,2,315
4.02,5,-1,0,8,-9,-12,104,270,-1,7,3,3,3,2,315
4.02,5,0,-1,10,-1,-10,64,0,-2,5,2,3,3,2,315
4.02,5,-1,-1,10,-7,-11,85,57,0,7,3,3,3,2,315
4.02,5,0,0,9,0,-10,59,101,0,5,3,3,3,2,315
4.02,5,0,0,9,1,-6,4,252,0,0,0,3,3,2,315
4.02,5,-1,0,9,-14,1,-11,143,-7,8,2,3,3,2,315
4.02,5,0,-1,9,19,4,-65,354,-4,5,2,3,3,2,315
4.02,5,-1,-1,9,5,11,-113,330,-7,11,3,3,3,2,315
4.02,5,0,0,10,6,16,-33,254,-8,3,3,3,3,2,315
4.02,5,0,0,9,5,9,-13,194,-4,6,3,3,3,2,315
4.02,5,0,0,9,0,3,-34,157,-3,7,3,3,3,2,316
4.02,5,0,0,9,0,9,-27,82,-6,3,2,3,3,2,316
4.02,5,0,-1,10,7,0,-60,286,-5,6,2,3,3,2,316
4.02,5,0,0,9,0,0,40,187,-4,0,3,3,3,2,316
4.02,5,0,0,9,-16,-2,125,298,-8,4,3,3,3,2,316
4.01,5,0,0,10,-5,-7,96,241,-2,2,3,3,3,2,316
4.02,5,0,0,9,-4,-7,53,294,-1,5,2,3,3,2,316
4.02,4,0,0,9,2,1,-28,208,-5,1,2,3,3,2,316
4.02,4,0,0,10,11,11,-85,199,-8,3,3,3,3,2,316
4.02,4,0,-1,9,9,13,-89,183,-5,6,1,3,3,2,316
4.02,4,0,0,9,-1,1,-19,151,-3,7,2,3,3,2,316
4.02,4,-1,0,10,0,7,-2,11,-9,4,3,3,3,2,316
4.01,4,0,0,9,-1,-5,35,2,-2,4,3,3,3,2,317
4.02,4,-1,0,9,-1,-3,95,141,-6,1,3,3,3,2,317
4.02,4,0,-1,9,-6,-5,76,126,-6,6,2,3,3,2,317
4.02,4,0,0,9,7,0,-32,27,-4,0,3,3,3,2,317
4.02,4,-1,0,9,17,7,-100,26,-7,2,0,3,3,2,317
4.02,4,0,0,8,11,8,-47,343,-7,2,2,3,3,2,317
4.01,4,-1,0,9,10,6,-71,240,-8,3,2,3,3,2,317
4.02,4,-1,-1,10,1,6,-27,177,-7,7,2,3,3,2,317
4.01,4,0,0,10,14,0,-36,48,-4,0,3,3,3,2,317
4.02,4,0,0,9,3,0,24,79,-2,5,0,3,3,2,317
4.02,4,0,0,9,-8,-18,112,197,3,2,2,3,3,2,317
4.01,4,0,0,9,7,11,-40,321,-4,7,0,3,3,2,317
4.02,4,0,-1,9,0,7,-67,251,-4,10,1,3,3,2,318
4.01,4,0,0,10,10,8,-33,92,-6,1,2,3,3,2,318
4.01,4,0,-1,9,-8,-5,131,68,-6,10,3,3,3,2,318
4.01,4,0,0,9,-10,-5,119,351,-10,1,3,3,3,2,318
4.01,4,0,-1,9,-18,-9,132,119,-2,3,3,3,3,2,318
4.01,4,0,0,9,-16,-3,97,7,-3,8,3,3,3,2,318
4.01,4,-1,0,9,9,0,-36,160,-5,2,2,3,3,2,318
4.01,4,0,0,9,14,10,-114,147,-12,6,2,3,3,2,318
4.01,4,0,0,9,0,5,-40,196,-2,3,2,3,3,2,318
4.01,4,0,0,10,0,8,-28,73,-7,7,1,3,3,2,318
4.01,4,0,0,9,0,12,-98,14,-6,9,3,3,3,2,318
4.01,4,0,-1,9,10,5,-32,271,-4,5,2,3,3,2,318
4.01,3,-1,0,9,5,6,-48,150,-5,3,2,3,3,2,319
4.01,4,0,0,10,1,3,9,284,-6,4,2,3,3,2,319
4.01,4,-1,0,9,-8,-4,52,217,-4,7,2,3,3,2,319
4.01,4,0,0,9,2,-2,44,66,-2,2,2,3,3,2,319
4.01,3,0,0,10,-12,-8,71,339,-8,8,3,3,3,2,319
4.01,3,0,0,9,-7,-7,117,264,1,-2,3,3,3,2,319
4.01,3,0,0,9,-6,-10,114,268,0,4,2,3,3,2,319
4.01,3,0,0,9,4,-5,59,344,-2,2,3,3,3,2,319
4.01,3,0,0,10,-5,-12,74,342,0,7,2,3,3,2,319
4.01,3,0,0,9,8,3,-28,181,-4,0,2,3,3,2,319
4.01,3,0,0,9,9,4,-10,155,-6,3,1,3,3,2,319
4.01,3,0,-1,9,3,-3,-12,207,0,5,2,3,3,2,319
4.01,3,0,0,9,-4,12,3,65,-7,1,1,3,3,2,320
4.01,3,0,0,9,-1,-1,57,22,-2,1,2,3,3,2,320
4.01,3,0,0,9,-9,-7,43,296,-7,8,3,3,3,2,320
4.01,3,0,0,10,12,0,-35,111,-2,2,1,3,3,2,320
4.01,3,0,-1,9,-2,-12,71,170,-1,7,1,3,3,2,320
4.01,3,0,0,9,1,-4,36,215,-2,4,3,3,3,2,320
4.00,3,0,0,9,-3,-7,84,321,0,2,2,3,3,2,320
4.01,3,0,0,9,2,-5,41,7,-2,3,3,3,3,2,320
4.01,3,0,0,9,-2,-4,95,113,0,0,2,3,3,2,320
4.00,3,0,0,9,6,-7,26,148,0,2,2,3,3,2,320
4.01,3,-1,0,10,0,-12,55,193,0,6,3,3,3,2,320
4.01,3,0,0,10,3,0,-34,24,-4,0,3,3,3,2,320
4.00,3,0,0,9,6,11,-43,100,-7,2,2,3,3,2,321
4.01,3,0,0,9,3,5,15,51,-3,3,2,3,3,2,321
4.00,3,0,-1,9,3,0,-91,17,0,9,1,3,3,2,321
4.00,3,-1,0,9,17,10,-12,173,-6,2,3,3,3,2,321
4.00,3,0,0,10,3,1,-2,322,-5,-2,0,3,3,2,321
4.01,3,0,0,10,12,-11,65,316,-1,0,0,3,3,2,321
4.00,3,-1,0,9,9,10,-91,255,-14,2,0,3,3,2,321
4.00,3,0,0,11,35,30,-160,176,-15,-4,0,3,3,3,321
4.00,3,-1,-1,9,18,3,-173,113,-9,11,2,3,3,3,321
4.00,3,0,0,9,17,-1,-27,343,-2,-4,2,3,3,3,321
4.00,3,0,-1,9,-3,-2,92,67,3,2,3,3,3,3,321
4.00,3,0,0,9,-10,-7,126,52,-3,8,3,3,3,2,321
4.00,3,-1,0,10,9,0,-5,158,-3,0,3,3,3,2,322
4.00,3,0,0,9,-1,7,28,215,-5,6,3,3,3,2,322
4.00,2,0,0,8,0,2,-13,203,-1,6,3,3,3,2,322
4.00,2,0,0,10,-1,1,-25,159,-1,7,3,3,3,2,322
4.00,2,0,0,8,4,11,-58,77,-7,4,2,3,3,2,322
4.00,2,0,0,9,9,5,-62,28,1,5,2,3,3,2,322
4.00,2,0,0,9,10,18,-117,294,-13,8,2,3,3,2,322
4.00,2,0,-1,9,3,8,-15,230,-4,5,3,3,3,2,322
4.00,2,0,-1,10,-1,9,-47,187,-6,9,3,3,3,2,322
4.00,2,0,0,10,10,12,-70,84,-8,4,3,3,3,2,322
4.00,2,0,-1,9,12,3,-60,32,-3,5,2,3,3,2,322
4.00,2,-1,0,9,2,1,-55,333,-6,7,2,3,3,2,322
4.00,2,0,0,9,-1,0,-23,10,-5,6,2,3,3,2,323
4.00,2,0,0,9,1,0,25,223,-5,4,3,3,3,2,323
4.00,2,0,0,9,-7,-10,104,244,0,2,2,3,3,2,323
4.00,2,0,0,10,-7,-9,72,273,-1,7,3,3,3,2,323
4.00,2,-1,0,10,-12,-4,36,180,-3,5,0,3,3,2,323
4.00,2,0,-1,9,-6,-12,71,4,0,6,3,3,3,2,323
4.00,2,-1,0,9,-4,0,-26,319,-8,5,2,3,3,2,323
4.00,2,0,0,8,8,0,-10,169,-5,3,2,3,3,2,323
4.00,2,0,0,9,-6,-2,49,249,-2,4,3,3,3,2,323
4.00,2,0,0,10,-4,-6,93,316,-2,0,3,3,3,2,323
4.00,2,-1,0,8,2,-7,3,275,-4,3,3,3,3,2,323
4.00,2,0,0,9,10,7,-78,167,-7,0,3,3,3,2,323
4.00,2,-1,0,10,14,3,-34,162,-6,1,3,3,3,2,324
4.00,2,0,-1,8,11,5,-56,179,-3,9,3,3,3,2,324
4.00,2,0,0,9,8,-3,-120,224,4,4,1,3,3,2,324
4.00,2,0,-1,9,-2,-6,107,342,-5,7,0,3,3,2,324
4.00,2,0,0,9,-12,-13,91,358,0,8,3,3,3,2,324
4.00,2,-1,0,10,-16,-6,86,297,-6,4,2,3,3,2,324
4.00,2,0,0,10,-11,-8,76,219,0,4,0,3,3,2,324
4.00,2,0,0,10,-5,-11,64,159,0,3,2,3,3,2,324
4.00,2,-1,0,9,2,-7,49,260,-8,3,3,3,3,2,324
4.00,2,-1,0,9,16,1,-68,187,-7,2,2,3,3,2,324
4.00,2,0,0,8,0,0,-26,322,-3,3,2,3,3,2,324
4.00,2,0,0,9,-1,0,-14,217,-4,5,2,3,3,2,325
4.00,2,0,0,9,1,2,-33,340,-5,6,3,3,3,2,325
4.00,2,0,0,10,2,1,-14,104,-5,2,3,3,3,2,325
4.00,1,0,0,10,1,-4,11,152,-2,2,3,3,3,2,325
4.00,2,0,0,9,3,3,-20,74,-7,3,2,3,3,2,325
4.00,1,0,0,9,5,-1,-18,11,-2,1,1,3,3,2,325
4.00,1,-1,0,9,-6,-2,15,250,-5,4,3,3,3,2,325
4.00,1,0,0,9,-1,-5,40,38,-2,5,2,3,3,2,325
4.00,1,-1,-1,9,0,3,24,287,-8,5,0,3,3,2,325
4.00,1,0,0,9,-5,2,40,261,-6,4,3,3,3,2,325
4.00,1,-1,0,9,1,0,-15,17,-5,1,3,3,3,2,325
4.00,1,0,0,9,9,8,-59,9,-8,0,3,3,3,2,325
4.00,1,-1,0,9,7,-1,18,334,-7,3,3,3,3,2,326
4.00,1,0,-1,9,0,-1,3,279,-6,7,1,3,3,2,326
4.00,1,0,0,8,0,4,18,189,-7,1,3,3,3,2,326
4.00,1,0,0,9,-7,-3,71,328,-7,3,3,3,3,2,326
4.00,1,0,0,10,-6,-4,42,64,-2,5,3,3,3,2,326
4.00,1,0,0,10,3,0,6,303,-5,0,3,3,3,2,326
4.00,1,0,0,9,-1,-2,63,148,-5,5,0,3,3,2,326
4.00,1,0,0,9,-6,-3,55,120,-4,2,1,3,3,2,326
4.00,1,0,0,9,-5,-4,60,85,-2,2,3,3,3,2,326
4.00,1,0,0,10,6,3,-19,185,-7,0,3,3,3,2,326
4.00,1,0,0,9,6,0,-48,257,-2,1,2,3,3,2,326
4.00,1,0,0,9,9,6,-38,310,-7,5,2,3,3,2,326
4.00,1,0,0,10,-3,0,117,54,-2,0,2,3,3,2,327
3.99,1,-1,0,9,-3,-12,44,349,-5,7,1,3,3,2,327
4.00,1,0,0,9,-4,-5,54,82,-1,4,2,3,3,2,327
4.00,1,0,0,9,-7,-4,84,172,-2,5,1,3,3,2,327
4.00,1,0,0,9,2,1,5,34,-6,3,2,3,3,2,327
4.00,1,0,0,9,2,0,-11,54,-2,4,3,3,3,2,327
4.00,1,0,0,9,6,9,-52,283,-8,1,3,3,3,2,327
3.99,1,0,0,10,5,5,-50,225,-3,6,3,3,3,2,327
4.00,1,-1,0,10,4,8,-50,150,-6,5,3,3,3,2,327
4.00,1,0,0,9,5,10,-78,128,-1,8,0,3,3,2,327
3.99,1,-1,0,9,2,9,-112,346,-10,8,2,3,3,2,327
3.99,1,0,0,9,4,-2,31,199,-4,1,2,3,3,2,327
4.00,1,0,0,9,-12,-4,95,248,-1,6,3,3,3,2,328
3.99,1,0,0,9,5,-10,12,308,-2,0,0,3,3,2,328
3.99,1,0,0,9,-10,-3,68,184,-3,1,1,3,3,2,328
4.00,1,0,0,9,-10,5,92,353,-8,5,1,3,3,2,328
3.99,1,-1,-1,9,-6,3,45,217,-8,7,3,3,3,2,328
3.99,1,-1,0,8,11,4,-45,79,-8,1,2,3,3,2,328
3.99,1,0,0,10,9,-1,-46,355,-3,0,3,3,3,2,328
3.99,1,0,-1,10,6,8,-23,97,-8,5,1,3,3,2,328
3.99,1,0,0,9,0,0,3,347,-4,5,0,3,3,2,328
3.99,0,0,-1,9,9,0,-66,27,-4,4,2,3,3,2,328
3.99,0,0,0,9,-4,0,22,110,-3,5,3,3,3,2,328
4.00,0,0,0,10,0,-12,24,136,0,2,3,3,3,2,328
3.99,0,-1,-1,9,17,7,-108,184,-8,3,3,3,3,2,329
3.99,0,-1,0,10,12,4,-77,60,-10,0,3,3,3,2,329
3.99,0,-1,0,9,15,10,-99,52,-12,0,1,3,3,2,329
3.99,0,0,-1,9,14,9,-110,42,-6,6,3,3,3,2,329
3.99,0,0,0,9,9,7,-60,339,-5,2,2,3,3,2,329
3.99,0,0,0,10,8,8,-121,33,-1,7,3,3,3,2,329
3.99,0,0,0,9,4,3,-69,220,-7,5,3,3,3,2,329
3.99,0,0,0,9,-3,0,108,133,-8,1,2,3,3,2,329
3.99,0,-1,0,9,-5,-9,56,7,-11,5,2,3,3,2,329
3.99,0,-1,0,10,-1,0,45,49,-9,4,1,3,3,2,329
3.99,0,0,0,10,16,6,-50,317,-6,0,2,3,3,2,329
3.99,0,-1,0,9,3,0,-54,156,-4,0,2,3,3,2,329
3.99,0,0,0,9,5,9,-81,251,-8,8,1,3,3,2,330
3.99,0,-1,0,9,14,12,-126,160,-8,4,3,3,3,2,330
3.99,0,0,0,9,0,8,-31,176,-4,6,1,3,3,2,330
3.99,0,0,0,9,6,6,-25,112,-4,6,1,3,3,2,330
3.99,0,0,-1,9,5,5,-96,67,-4,10,2,3,3,2,330
3.99,0,0,0,9,6,12,-54,295,-9,2,3,3,3,2,330
3.99,0,0,0,9,-6,0,19,33,-6,1,1,3,3,2,330
3.99,0,-1,0,9,1,-9,6,349,-4,1,2,3,3,2,330
3.99,0,-1,0,9,3,7,33,63,-9,4,2,3,3,2,330
3.98,0,0,-1,9,12,11,-111,34,-8,12,2,3,3,2,330
3.99,0,0,0,10,9,-1,-3,223,-4,0,3,3,3,2,330
3.99,0,0,0,8,5,7,-52,290,-6,3,3,3,3,2,330
3.98,0,0,0,9,1,-2,-26,175,-6,0,2,3,3,2,331
3.99,0,-1,0,9,7,9,-66,212,-9,2,2,3,3,2,331
3.99,0,0,-1,9,5,1,3,141,-8,6,3,3,3,2,331
3.99,0,0,0,10,3,-5,1,319,-4,1,3,3,3,2,331
3.99,0,-1,0,9,10,0,-40,1,-6,1,2,3,3,2,331
3.99,-1,0,-1,9,17,5,-108,328,-8,4,1,3,3,2,331
3.99,-1,-1,0,8,7,4,-44,263,-9,2,0,3,3,2,331
3.99,0,0,0,9,1,0,25,205,-5,1,3,3,3,2,331
3.99,-1,0,0,9,-2,0,25,341,-5,1,2,3,3,2,331
3.99,-1,-1,0,10,6,0,-22,250,-6,3,3,3,3,2,331
3.99,0,-1,0,9,2,-2,-27,203,-6,3,0,3,3,2,331
3.99,0,0,0,9,21,14,-111,145,-12,-2,2,3,3,2,331
3.99,-1,0,-1,9,-3,-2,109,121,-7,7,2,3,3,2,332
3.98,-1,0,0,9,-12,-10,72,305,-4,4,3,3,3,2,332
3.98,-1,0,0,9,-3,-1,40,4,-7,5,1,3,3,2,332
3.99,-1,-1,0,9,9,6,-64,263,-7,2,3,3,3,2,332
3.98,-1,-1,0,10,-2,-1,-7,352,-6,3,3,3,3,2,332
3.98,-1,0,0,9,12,0,-71,33,-6,1,1,3,3,2,332
3.98,-1,-1,0,8,15,4,-126,78,-5,3,3,3,3,2,332
3.98,-1,0,0,9,-4,-3,56,139,-3,7,2,3,3,2,332
3.98,-1,0,0,9,-4,-5,49,179,-5,3,3,3,3,2,332
3.98,-1,0,0,10,0,-3,25,315,-3,1,3,3,3,2,332
3.98,-1,0,0,9,-3,-7,50,33,-2,4,2,3,3,2,332
3.98,-1,0,0,9,3,-6,13,284,-2,1,3,3,3,2,332
3.98,-1,0,0,9,-2,1,1,250,-5,2,2,3,3,2,333
3.98,-1,0,0,9,-4,0,20,307,-6,4,3,3,3,2,333
3.99,-1,-1,0,10,0,1,-25,359,-6,3,2,3,3,2,333
3.98,-1,0,0,9,-1,-4,-5,30,-3,4,2,3,3,2,333
3.98,-1,0,0,9,5,3,0,347,-6,1,3,3,3,2,333
3.98,-1,0,0,9,-5,-7,48,187,-3,6,1,3,3,2,333
3.98,-1,0,0,9,1,0,15,24,-5,2,3,3,3,2,333
3.98,-1,0,0,9,-7,-4,41,169,-3,4,2,3,3,2,333
3.98,-1,0,0,9,-7,-4,65,343,-4,8,3,3,3,2,333
3.98,-1,-1,0,10,0,5,36,346,-8,3,2,3,3,2,333
3.98,-1,0,0,9,7,1,-46,116,-6,3,1,3,3,1,333
3.98,-1,0,0,9,0,3,-29,248,-6,7,0,3,3,1,333
3.98,-1,0,0,9,3,6,-48,170,-4,5,3,3,3,1,334
3.98,-1,0,0,10,5,10,-71,177,-7,2,0,3,3,1,334
3.98,-1,0,0,9,8,3,-68,68,-5,7,0,3,3,1,334
3.98,-1,-1,0,9,6,6,-56,317,-7,0,1,3,3,2,334
3.98,-1,0,0,9,5,-1,22,301,-5,1,3,3,3,2,334
3.98,-1,-1,0,10,-16,-14,101,146,0,7,2,3,3,2,334
3.98,-1,0,0,8,-4,-9,101,224,-3,4,3,3,3,2,334
3.98,-1,0,0,9,-9,-7,96,243,-6,6,3,3,3,2,334
3.98,-1,0,0,9,-11,-3,94,167,-4,7,1,3,3,2,334
3.98,-1,0,-1,9,-8,-12,121,42,4,5,2,3,3,2,334
3.98,-1,0,0,9,0,-8,63,96,-2,2,2,3,3,2,334
3.98,-1,0,0,9,-3,-2,60,193,-3,4,2,3,3,2,334
3.98,-1,0,0,9,1,0,-11,350,-4,3,0,3,3,1,335
3.98,-1,0,0,9,9,2,-35,258,-5,1,2,3,3,1,335
3.98,-1,0,0,9,0,-7,55,189,0,2,2,3,3,1,335
3.98,-1,0,0,9,-9,-9,117,156,-8,5,1,3,3,1,335
3.98,-1,0,0,10,-9,-5,82,127,-4,8,1,3,3,1,335
3.98,-1,-1,0,9,-11,0,54,225,-7,5,0,3,3,1,335
3.98,-1,0,0,9,-5,-4,50,13,-5,5,2,3,3,1,335
3.98,-1,0,0,10,0,0,4,269,-5,3,2,3,3,1,335
3.98,-1,0,0,10,2,6,10,167,-8,3,0,3,3,1,335
3.98,-1,0,0,9,4,-1,-23,211,-4,3,3,3,3,1,335
3.98,-1,0,0,9,-8,-1,50,256,-1,3,0,3,3,1,335
3.98,-1,-1,0,9,3,-2,-4,323,-6,1,0,3,3,1,335
3.98,-1,0,0,10,5,6,-54,69,-7,6,2,3,3,1,336
3.98,-1,-1,0,9,0,7,-37,257,-8,4,0,3,3,1,336
3.98,-1,0,0,9,-4,3,5,323,-8,5,2,3,3,1,336
3.98,-1,0,0,10,-9,-1,133,222,-4,4,2,3,3,1,336
3.98,-1,0,0,9,-3,-10,81,86,-12,4,2,3,3,2,336
3.98,-1,0,0,9,-5,-6,130,12,-3,0,2,3,3,2,336
3.98,-1,0,0,9,-5,-3,100,44,-3,6,3,3,3,2,336
3.98,-1,0,0,10,6,1,-29,227,-7,0,3,3,3,2,336
3.98,-1,0,0,9,-2,3,36,335,-6,1,1,3,3,2,336
3.98,-1,0,0,9,6,-4,-3,102,-5,2,2,3,3,2,336
3.98,-1,0,0,9,-2,0,23,185,-6,3,2,3,3,2,336
3.98,-1,0,0,9,2,0,-25,268,-3,3,2,3,3,2,336
3.98,-1,0,0,10,5,1,-35,354,-4,4,2,3,3,1,337
3.98,-1,0,0,10,0,6,-35,63,-7,5,0,3,3,1,337
3.98,-1,-1,0,9,8,10,-61,209,-9,3,3,3,3,1,337
3.98,-1,0,0,9,8,6,-25,31,-6,2,2,3,3,1,337
3.98,-1,0,0,9,10,0,-70,305,-6,3,0,3,3,1,337
3.98,-1,0,0,9,-6,-4,54,86,0,3,3,3,3,2,337
3.98,-1,0,-1,10,5,6,13,316,-6,6,2,3,3,2,337
3.98,-1,-1,0,8,5,4,-27,143,-7,3,2,3,3,2,337
3.98,-1,-1,0,9,11,1,-52,104,-5,0,2,3,3,2,337
3.98,-1,0,0,9,0,-2,-20,282,-2,3,3,3,3,2,337
3.98,-1,0,0,9,-4,1,20,173,-7,3,2,3,3,2,337
3.98,-1,0,-1,9,0,-3,41,321,-9,6,1,3,3,2,337
3.98,-1,0,0,9,4,-2,8,123,-2,3,2,3,3,2,338
3.98,-1,0,0,9,-8,-1,76,281,-5,3,3,3,3,2,338
3.98,-1,-1,-1,10,-6,-9,84,156,-7,11,3,3,3,2,338
3.98,-1,0,0,9,-11,-1,82,233,-6,8,3,3,3,2,338
3.98,-1,-1,0,9,-2,5,35,110,-8,4,2,3,3,2,338
3.98,-1,0,0,9,-5,1,59,132,-4,4,2,3,3,2,338
3.98,-1,0,0,9,-4,4,-14,281,-7,4,3,3,3,2,338
3.98,-1,-1,0,10,2,6,-69,343,-9,3,3,3,3,2,338
3.98,-1,0,-1,9,-4,-2,76,185,-4,6,2,3,3,2,338
3.98,-1,0,0,9,-9,0,64,180,-8,8,1,3,3,2,338
3.98,-1,-1,0,9,1,-5,-18,288,-3,3,3,3,3,2,338
3.98,-1,0,0,10,-1,-3,82,75,-1,0,2,3,3,2,339
3.98,-1,0,0,9,-10,-2,85,355,-8,7,2,3,3,2,339
3.98,-1,0,-1,9,3,-8,23,74,-4,5,0,3,3,2,339
3.98,-1,0,0,9,-8,-6,111,268,-1,4,1,3,3,2,339
3.98,-1,0,0,8,2,-4,46,308,-3,1,2,3,3,2,339
3.97,-1,0,0,9,-7,-8,74,256,-6,6,3,3,3,2,339
3.98,-1,0,0,10,-2,-4,18,300,-5,3,3,3,3,2,339
3.98,-1,0,0,9,2,-6,14,61,-2,3,1,3,3,2,339
3.97,-1,0,0,9,-3,0,55,289,-6,3,3,3,3,2,339
3.98,-1,-1,0,9,-1,-1,0,140,-5,6,2,3,3,2,339
3.98,-1,0,0,10,12,9,-74,121,-8,0,3,3,3,2,339
3.97,-1,-1,0,9,6,-1,-56,274,-4,5,2,3,3,2,339
3.98,-1,0,0,9,0,-2,25,34,-2,5,2,3,3,2,340
3.98,-1,0,0,10,0,-4,41,136,-3,0,2,3,3,2,340
3.97,-1,0,0,9,-5,0,110,275,-6,0,3,3,3,2,340
3.98,-1,-1,0,9,0,-9,32,217,-3,5,2,3,3,2,340
3.98,-1,0,0,9,1,-9,54,293,0,1,3,3,3,2,340
3.97,-1,-1,-1,10,5,-9,36,335,-2,7,0,3,3,2,340
3.98,-1,0,0,9,-10,-20,87,110,4,2,3,3,3,2,340
3.98,-1,0,0,9,2,3,110,208,-4,4,3,3,3,2,340
3.98,-1,0,0,9,-2,-10,60,304,0,2,0,3,3,2,340
3.98,-1,-1,-1,9,13,9,-71,48,-9,5,2,3,3,2,340
3.98,-1,0,0,9,23,13,-181,313,-14,3,2,3,3,2,340
3.98,-1,0,-1,8,2,9,-79,325,-2,9,3,3,3,2,340
3.98,-1,-1,0,10,3,11,-57,214,-8,3,2,3,3,2,341
3.98,-1,0,0,9,-7,5,45,264,-8,3,2,3,3,2,341
3.97,-1,0,0,9,-13,-10,67,111,-4,10,2,3,3,2,341
3.98,-1,0,0,10,-3,2,55,20,-4,1,1,3,3,2,341
3.98,-1,0,0,9,-10,-2,130,233,-11,8,2,3,3,2,341
3.98,-1,0,0,9,6,0,-25,107,-6,3,2,3,3,2,341
3.97,-1,0,-1,9,1,1,-27,220,0,6,3,3,3,2,341
3.97,-1,0,0,9,8,2,-25,5,-4,0,2,3,3,2,341
3.97,-1,0,0,9,-4,0,50,76,-3,3,3,3,3,2,341
3.97,-1,0,0,9,1,-1,39,98,-4,0,3,3,3,2,341
3.97,-1,0,0,9,-3,-5,25,40,-2,1,2,3,3,2,341
3.97,-1,0,0,9,6,4,-53,93,-8,4,3,3,3,2,341
3.97,-1,0,0,10,1,9,-36,115,-7,3,2,3,3,2,342
3.97,-1,0,0,9,-6,-2,56,88,-2,1,0,3,3,2,342
3.97,-1,0,0,9,-12,-1,91,264,-8,7,3,3,3,2,342
3.97,-1,-1,-1,10,10,2,-53,170,-6,4,3,3,3,2,342
3.97,-1,0,0,9,0,0,44,276,-4,0,3,3,3,2,342
3.97,-1,0,0,9,0,-11,63,314,-1,0,2,3,3,2,342
3.97,-1,0,0,9,5,0,-5,18,-3,3,3,3,3,2,342
3.97,-1,0,0,9,7,3,-38,69,-3,4,3,3,3,2,342
3.97,-1,-1,0,9,10,-1,-31,320,-5,0,3,3,3,2,342
3.97,-1,-1,0,9,11,0,-56,291,-6,1,2,3,3,2,342
3.97,-1,0,0,10,0,-2,12,138,-3,0,2,3,3,2,342
3.97,-1,0,0,9,7,0,5,102,-5,0,2,3,3,2,342
3.97,-1,-1,0,10,-2,-4,6,315,-5,2,1,3,3,2,343
3.97,-1,0,0,8,-17,-8,75,96,-3,9,2,3,3,2,343
3.97,-1,0,0,10,16,0,-60,241,-4,5,3,3,3,2,343
3.97,-1,-1,0,9,-14,-6,63,143,-13,4,0,3,3,2,343
3.97,-1,0,0,9,-7,0,0,158,-6,5,3,3,3,2,343
3.97,-1,0,0,9,2,-4,2,299,-5,6,3,3,3,2,343
3.97,-1,-1,0,9,2,0,3,230,-4,0,3,3,3,2,343
3.97,-1,0,0,9,4,-3,25,185,-1,1,1,3,3,2,343
3.97,-1,0,0,9,-5,-5,97,261,-1,2,2,3,3,2,343
3.97,-1,0,0,10,-6,-11,42,221,-1,6,2,3,3,2,343
3.97,-1,0,0,8,0,-4,47,329,-4,4,2,3,3,2,343
3.97,-1,0,0,9,0,0,-10,301,-5,4,2,3,3,2,343
3.97,-1,0,0,10,3,3,-19,319,-6,2,2,3,3,2,344
3.97,-1,-1,0,9,3,-1,-49,11,-3,4,2,3,3,2,344
3.97,-1,0,0,9,2,1,-21,74,-5,3,2,3,3,2,344
3.97,-1,0,0,10,-4,2,-10,74,-6,7,3,3,3,2,344
3.97,-1,0,0,9,-2,1,1,53,-4,3,3,3,3,2,344
3.97,-1,0,0,9,1,0,4,76,-4,2,2,3,3,2,344
3.97,-1,0,0,10,0,-6,31,170,-2,1,3,3,3,2,344
3.97,-1,-1,0,9,6,6,-36,263,-6,1,3,3,3,2,344
3.97,-1,0,0,10,-3,2,0,353,-5,3,2,3,3,2,344
3.97,-1,0,0,9,5,-3,-28,173,-3,2,2,3,3,1,344
3.97,-1,0,0,9,8,3,-68,271,-6,2,1,3,3,1,344
3.97,-1,0,-1,9,2,1,-17,338,-3,5,2,3,3,1,344
3.97,-1,0,0,9,4,0,13,168,-5,0,2,3,3,1,345
3.97,-1,0,0,9,1,0,-24,261,-5,1,1,3,3,1,345
3.97,-1,-1,0,9,10,4,-72,294,-6,2,0,3,3,1,345
3.97,-1,0,0,9,5,-1,-14,142,-3,0,3,3,3,1,345
3.97,-1,0,0,9,0,4,12,138,-6,0,1,3,3,1,345
3.97,-1,0,0,9,-5,-8,38,341,-5,5,0,3,3,1,345
3.97,-1,0,0,10,0,-4,48,187,-2,2,3,3,3,1,345
3.96,-1,0,0,9,-1,-6,71,317,-1,0,3,3,3,1,345
3.97,-1,0,0,9,-8,-6,114,233,-6,9,2,3,3,1,345
3.97,-1,0,0,9,-3,-4,43,286,-5,5,2,3,3,1,345
3.97,-1,0,0,9,1,0,-6,166,-5,3,0,3,3,1,345
3.97,-1,0,0,9,11,6,-47,155,-6,1,3,3,3,1,345
3.97,-1,0,0,9,8,-2,-76,15,-3,2,1,3,3,1,346
3.96,-1,0,0,9,11,6,-100,64,-7,6,3,3,3,1,346
3.97,-1,0,0,9,6,-7,26,160,-1,2,2,3,3,2,346
3.97,-1,0,0,9,-12,-5,161,283,-3,3,2,3,3,2,346
3.96,-1,0,-1,10,-8,-10,44,218,-2,8,2,3,3,2,346
3.97,-1,-1,0,9,3,0,16,40,-3,2,2,3,3,2,346
3.97,-1,0,0,9,-6,-8,94,90,0,4,2,3,3,2,346
3.96,-1,0,0,9,7,-6,0,205,-1,3,3,3,3,2,346
3.97,-1,0,0,9,-5,-4,63,299,-2,0,2,3,3,2,346
3.97,-1,0,0,9,0,-8,22,274,-2,4,2,3,3,2,346
3.96,-1,-1,0,10,9,-5,-35,259,-4,0,3,3,3,2,346
3.97,-1,0,0,8,5,13,-116,0,-9,12,3,3,3,2,346
3.97,-1,0,0,10,7,-4,-43,130,-3,2,3,3,3,2,347
3.97,-1,0,0,10,-3,6,-5,30,-6,3,2,3,3,2,347
3.97,-1,-1,0,9,5,9,-52,138,-9,2,3,3,3,2,347
3.97,-1,0,0,9,-2,1,62,96,-5,3,3,3,3,2,347
3.97,-1,0,-1,9,-13,-12,123,114,0,13,2,3,3,2,347
3.97,-1,0,0,9,2,-7,21,207,-4,2,3,3,3,2,347
3.97,-1,0,0,9,0,-5,96,339,-2,2,2,3,3,2,347
3.97,-1,0,0,9,-9,-7,110,358,-3,7,3,3,3,2,347
3.97,-1,0,0,9,0,-7,64,87,-1,0,3,3,3,2,347
3.97,-1,0,0,9,-1,-9,43,90,-2,1,2,3,3,2,347
3.97,-1,0,0,9,-3,-6,37,62,-4,2,3,3,3,2,347
3.97,-1,0,0,9,0,-2,47,105,-6,1,3,3,3,2,347
3.97,-1,0,0,9,-5,-2,52,164,-5,2,2,3,3,2,348
3.97,-1,0,0,10,-5,-2,42,312,-6,5,2,3,3,2,348
3.97,-1,0,0,9,-2,1,-23,325,-4,7,3,3,3,2,348
3.97,-1,-1,0,9,3,9,-39,70,-8,2,2,3,3,2,348
3.97,-1,0,0,9,-1,3,-11,259,-4,4,2,3,3,2,348
3.97,-1,0,0,9,5,0,-60,76,-3,4,2,3,3,1,348
3.96,-1,0,0,9,4,3,-36,245,-1,3,2,3,3,1,348
3.97,-1,0,0,10,0,-2,-23,72,-1,5,3,3,3,1,348
3.97,-1,-1,0,9,12,3,-111,270,-7,3,3,3,3,1,348
3.96,-1,0,0,9,4,2,-54,166,-5,0,2,3,3,1,348
3.97,-1,0,0,9,4,8,-86,290,-9,5,1,3,3,1,348
3.96,-1,0,0,9,4,2,-10,59,-5,6,2,3,3,1,348
3.96,-1,0,0,9,7,5,-41,327,-7,2,3,3,3,1,349
3.97,-1,-1,0,10,7,2,-56,213,-6,1,3,3,3,1,349
3.97,-1,0,0,9,6,1,-10,31,-4,0,0,3,3,1,349
3.96,-1,0,0,9,9,4,-52,76,-7,2,1,3,3,1,349
3.96,-1,0,0,9,8,4,-39,25,-6,2,2,3,3,1,349
3.97,-1,0,0,10,12,3,-60,5,-5,0,2,3,3,1,349
3.97,-1,0,0,9,7,10,-89,69,-7,4,2,3,3,1,349
3.96,-1,0,0,9,5,6,-57,110,-3,2,2,3,3,1,349
3.96,-1,0,0,10,9,13,-87,98,-9,4,1,3,3,1,349
3.97,-1,0,0,9,0,3,-42,145,-4,3,1,3,3,1,349
3.97,-1,0,0,9,-2,0,-19,30,-2,6,1,3,3,1,349
3.96,-1,0,0,9,8,5,-63,179,-6,6,0,3,3,1,349
3.96,-1,0,0,9,7,-1,-55,100,-3,4,0,3,3,1,350
3.96,-1,0,0,8,3,4,-34,329,-7,3,0,3,3,1,350
3.96,-1,0,0,9,9,3,-57,257,-4,2,0,3,3,1,350
3.97,-1,0,0,9,0,0,-31,70,-2,4,1,3,3,1,350
3.96,-1,0,0,9,2,1,4,158,-4,1,0,3,3,1,350
3.96,0,0,0,9,-3,-5,62,146,-2,4,0,3,3,1,350
3.96,-1,0,0,10,1,-8,82,206,-1,0,3,3,3,1,350
3.96,0,0,0,9,-3,-6,37,192,-6,5,1,3,3,1,350
3.96,-1,0,0,10,0,-3,7,60,-3,2,0,3,3,1,350
3.96,0,0,0,9,5,-6,14,117,-3,1,0,3,3,1,350
3.97,0,-1,0,9,3,0,-77,51,-7,4,2,3,3,1,350
3.96,0,0,0,9,1,-2,17,266,-1,4,2,3,3,1,350
3.96,0,0,-1,9,-7,-11,96,231,-5,13,2,3,3,2,351
3.96,0,-1,0,9,-9,-10,49,273,-5,7,2,3,3,2,351
3.96,0,0,0,9,-13,-11,134,39,-4,10,2,3,3,2,351
3.96,0,0,0,9,-2,2,43,272,-6,1,2,3,3,2,351
3.96,0,0,0,9,-7,-8,16,151,-4,7,1,3,3,2,351
3.96,0,0,0,9,-6,-8,77,265,-2,7,2,3,3,2,351
3.96,0,0,0,9,3,0,19,75,-5,0,3,3,3,2,351
3.96,0,0,-1,9,-4,0,46,228,-5,6,3,3,3,2,351
3.96,0,0,0,9,-4,0,21,170,-4,7,3,3,3,2,351
3.96,0,-1,0,9,2,0,-50,276,-5,4,3,3,3,2,351
3.97,0,0,0,9,0,0,-21,39,-2,6,3,3,3,2,351
3.96,0,0,0,10,1,0,-40,89,-5,6,0,3,3,1,352
3.96,0,0,0,9,-5,-1,-1,15,-3,4,2,3,3,1,352
3.96,0,0,0,9,-4,-1,50,223,-5,6,2,3,3,1,352
3.96,0,-1,0,10,2,4,-2,77,-9,4,1,3,3,1,352
3.96,0,0,0,9,13,7,-91,60,-7,4,3,3,3,2,352
3.97,0,0,-1,9,8,5,-83,90,-2,5,1,3,3,1,352
3.96,0,0,0,9,5,0,-55,127,-1,8,3,3,3,2,352
3.96,0,0,0,9,6,8,-22,318,-6,0,0,3,3,2,352
3.96,0,0,-1,10,-1,-3,90,320,-3,5,2,3,3,2,352
3.96,0,0,-1,10,-7,-13,74,262,-5,7,1,3,3,2,352
3.96,0,0,-1,9,0,-5,30,4,-3,6,1,3,3,2,352
3.96,0,0,0,9,1,-2,31,205,-4,1,3,3,3,2,352
3.96,0,0,0,10,-10,-10,64,160,-3,8,2,3,3,2,353
3.96,0,0,0,9,-2,-4,41,271,-1,2,2,3,3,2,353
3.96,0,0,0,9,-11,-10,95,237,-3,7,3,3,3,2,353
3.96,0,0,0,9,-1,2,45,55,-6,5,2,3,3,2,353
3.96,0,0,0,9,-11,0,64,74,-4,7,2,3,3,2,353
3.96,0,0,0,9,2,9,-78,30,-4,6,3,3,3,2,353
3.96,0,0,-1,9,9,5,-25,335,-2,4,1,3,3,2,353
3.96,0,-1,0,9,4,4,-66,190,-8,5,2,3,3,2,353
3.96,0,0,0,9,4,-2,-44,1,-1,5,2,3,3,2,353
3.96,0,0,0,9,3,0,-29,49,-5,6,3,3,3,2,353
3.96,0,0,0,9,-1,3,-17,35,-6,5,1,3,3,2,353
3.96,1,0,0,9,6,0,-10,87,-4,1,1,3,3,1,353
3.96,1,0,0,9,0,1,-9,173,-4,5,0,3,3,1,354
3.96,1,0,0,9,5,2,-4,309,-6,0,1,3,3,1,354
3.96,1,0,0,9,4,2,5,322,-7,4,1,3,3,1,354
3.96,1,0,0,9,8,3,-39,237,-7,4,3,3,3,1,354
3.96,1,-1,0,9,9,9,-52,176,-8,2,1,3,3,1,354
3.96,1,0,0,9,4,9,-51,196,-1,6,2,3,3,2,354
3.96,1,0,-1,9,1,2,-60,146,-2,8,3,3,3,2,354
3.96,1,0,0,9,12,6,-40,339,-5,2,1,3,3,2,354
3.96,1,0,-1,9,10,7,-91,292,-5,8,3,3,3,2,354
3.96,1,0,0,9,1,14,-89,243,-9,7,3,3,3,2,354
3.96,1,0,0,9,6,7,-19,180,-3,3,3,3,3,2,354
3.96,1,-1,0,9,8,3,-83,83,-7,6,2,3,3,2,354
3.96,1,0,0,9,5,8,-68,359,-8,1,2,3,3,2,355
3.96,1,-1,0,10,1,0,-55,198,-4,6,3,3,3,2,355
3.96,1,0,0,9,3,-4,-61,228,-4,2,2,3,3,2,355
3.96,1,0,0,9,4,0,-28,163,-4,1,2,3,3,2,355
3.96,1,-1,0,9,14,9,-87,202,-9,1,3,3,3,2,355
3.96,1,-1,0,9,5,-1,-56,28,-4,0,1,3,3,2,355
3.96,1,0,0,10,8,8,-63,73,-7,4,2,3,3,2,355
3.96,1,-1,-1,9,11,-1,-73,319,-3,4,2,3,3,2,355
3.96,1,0,0,9,4,3,-39,211,-5,1,3,3,3,2,355
3.96,1,-1,0,10,5,1,-63,21,-5,5,3,3,3,2,355
3.96,1,0,0,9,4,4,-10,97,-5,3,1,3,3,2,355
3.96,1,0,0,9,-1,0,25,119,-4,5,0,3,3,1,355
3.96,1,0,0,9,-8,-5,47,128,-2,7,1,3,3,1,356
3.96,1,0,0,9,4,-4,-4,215,-4,2,0,3,3,1,356
3.96,1,0,0,9,6,8,-63,206,-9,4,2,3,3,1,356
3.96,1,-1,0,9,8,6,-69,152,-8,1,1,3,3,1,356
3.96,1,0,0,9,-1,-1,2,274,-5,4,0,3,3,1,356
3.96,1,0,0,9,0,0,-2,280,-5,6,3,3,3,1,356
3.96,1,0,0,9,-1,0,37,282,-4,6,0,3,3,1,356
3.96,1,0,0,9,0,-3,39,37,-4,0,0,3,3,1,356
3.96,1,0,0,9,-4,-12,89,13,0,2,1,3,3,1,356
3.96,1,0,0,9,0,-1,55,118,-4,1,2,3,3,1,356
3.96,1,0,0,10,-9,-9,69,12,-5,5,0,3,3,1,356
3.96,1,-1,0,9,0,-9,15,46,-5,4,3,3,3,1,356
3.96,1,0,0,9,0,-1,0,300,-3,1,2,3,3,1,357
3.96,1,-1,0,9,8,10,-34,355,-9,1,2,3,3,1,357
3.96,1,0,0,9,5,-2,-24,214,-3,1,3,3,3,2,357
3.96,1,0,0,9,0,1,16,345,-3,5,3,3,3,1,357
3.96,1,0,0,9,0,0,-15,151,-6,3,3,3,3,1,357
3.96,1,0,0,9,1,0,-27,279,-4,3,0,3,3,1,357
3.96,1,0,0,9,-4,0,-15,294,-5,6,2,3,3,1,357
3.96,1,0,0,9,-1,0,-1,314,-4,2,2,3,3,1,357
3.96,1,-1,0,9,6,3,-26,324,-7,1,0,3,3,1,357
3.96,1,0,0,9,4,3,-35,315,-7,3,2,3,3,1,357
3.96,1,0,0,9,0,0,27,302,-5,4,3,3,3,1,357
3.96,1,0,0,9,-2,-6,52,252,-4,7,2,3,3,1,357
3.96,1,0,0,9,-4,2,19,177,-7,3,1,3,3,1,358
3.96,1,0,0,9,-5,-12,47,37,-1,5,2,3,3,1,358
3.96,1,0,0,9,-7,0,74,248,-2,3,0,3,3,1,358
3.96,1,0,0,9,-11,-13,107,219,1,4,2,3,3,1,358
3.96,1,0,0,9,5,-7,10,256,-6,1,0,3,3,2,358
3.96,1,-1,0,9,4,0,-26,191,-7,2,3,3,3,2,358
3.96,1,0,0,9,14,16,-133,269,-10,8,2,3,3,2,358
3.96,1,0,0,9,8,8,-111,243,0,6,3,3,3,2,358
3.96,1,0,0,9,0,9,-24,110,-8,4,3,3,3,2,358
3.96,1,0,-1,9,13,4,-87,26,-3,5,3,3,3,2,358
3.96,1,0,0,9,5,4,-110,34,-5,10,3,3,3,2,358
3.96,1,0,0,9,2,6,9,243,-4,1,2,3,3,2,358
3.96,1,0,0,9,-11,-10,115,187,-3,9,3,3,3,2,359
3.96,1,0,0,9,2,-7,58,317,-3,1,3,3,3,2,359
3.96,1,-1,-1,9,-5,-6,80,280,-9,6,0,3,3,2,359
3.96,1,0,0,10,4,0,9,118,-4,-1,3,3,3,2,359
3.96,1,-1,0,9,2,-7,62,92,-9,1,3,3,3,2,359
3.96,1,0,0,9,0,-5,26,10,-8,3,2,3,3,2,359
3.96,2,-1,-1,9,-4,-3,102,19,-11,6,1,3,3,2,359
3.96,1,-1,0,9,5,0,-29,256,-6,1,3,3,3,2,359
3.96,1,0,0,9,12,0,-42,213,-4,0,2,3,3,2,359
3.96,1,0,0,9,-3,-6,74,194,-3,5,3,3,3,2,359
3.96,2,0,0,9,-8,-6,114,331,-2,3,3,3,3,2,359
3.96,2,0,0,9,-7,-7,84,275,-5,8,2,3,3,2,359
3.96,2,0,0,9,2,-4,22,65,-1,2,3,3,3,2,360
3.96,2,-1,0,9,-3,-8,109,67,-8,5,1,3,3,2,360
3.96,2,0,0,9,-8,-8,94,176,0,5,3,3,3,2,360
3.96,2,0,0,9,5,-5,26,255,-3,1,2,3,3,2,360
3.96,2,0,0,9,0,-9,43,247,-2,5,2,3,3,2,360
3.96,2,0,0,9,-6,-6,87,7,-1,5,3,3,3,2,360
3.96,2,0,0,9,-7,-11,102,13,0,6,2,3,3,2,360
3.96,2,0,0,9,-1,-8,44,69,-1,5,3,3,3,2,360
3.96,2,-1,0,9,1,-9,20,75,-5,5,2,3,3,2,360
3.96,2,0,-1,9,-4,-4,75,175,-4,7,3,3,3,2,360
3.96,2,-1,0,9,0,6,-12,72,-9,4,3,3,3,2,360
3.96,2,0,0,9,9,2,-12,329,-6,1,3,3,3,2,360
3.96,2,0,0,10,-1,-2,-20,177,-4,2,3,3,3,2,361
3.96,2,0,-1,9,12,9,-94,323,-7,9,2,3,3,2,361
3.96,2,0,0,9,8,8,-84,245,-5,6,3,3,3,2,361
3.96,2,0,0,9,2,0,-83,295,-1,7,3,3,3,2,361
3.96,2,0,0,9,3,6,-6,141,-5,2,3,3,3,2,361
3.96,2,-1,0,9,0,1,-40,324,-7,3,3,3,3,2,361
3.96,2,-1,0,9,9,6,-84,335,-9,1,1,3,3,2,361
3.96,2,0,0,9,6,-2,-11,249,-4,2,3,3,3,2,361
3.96,2,-1,0,9,5,-3,-3,223,-6,3,1,3,3,2,361
3.96,2,-1,0,9,6,3,-42,128,-7,1,2,3,3,2,361
3.96,2,-1,0,9,6,5,-5,82,-8,1,3,3,3,2,361
3.96,2,-1,0,9,3,-4,-24,302,-4,2,0,3,3,2,361
3.96,2,0,0,9,-2,0,-7,92,-1,7,3,3,3,2,362
3.96,2,0,0,9,5,9,-78,333,-8,7,3,3,3,2,362
3.96,2,0,0,9,-2,6,-27,316,-3,5,3,3,3,2,362
3.96,2,0,-1,9,8,5,-58,201,-5,7,3,3,3,2,362
3.96,2,0,0,9,5,9,-119,173,-7,9,3,3,3,2,362
3.96,2,0,0,9,7,12,-25,80,-6,2,3,3,3,2,362
3.96,2,0,0,9,13,7,-100,39,-5,5,3,3,3,2,362
3.96,2,0,0,9,7,6,-74,39,-4,7,3,3,3,2,362
3.96,2,0,0,9,9,10,-118,21,-5,9,2,3,3,2,362
3.96,2,0,0,9,0,7,-35,310,-4,5,3,3,3,2,362
3.96,2,0,0,9,5,7,-71,221,-3,7,3,3,3,1,362
3.96,2,0,0,9,2,8,-56,140,-6,5,0,3,3,1,362
3.96,2,0,0,9,5,5,-58,46,-2,6,0,3,3,1,363
3.96,2,0,0,9,5,7,-68,335,-6,3,2,3,3,1,363
3.96,2,0,0,9,5,2,-38,234,-4,4,3,3,3,1,363
3.96,2,0,0,9,7,5,-59,109,-6,2,0,3,3,1,363
3.96,2,0,0,9,9,2,-67,29,-5,3,0,3,3,1,363
3.96,2,0,0,9,5,6,-67,318,-6,4,1,3,3,1,363
3.96,2,0,0,9,2,2,-27,183,-5,3,1,3,3,1,363
3.96,2,-1,0,9,9,2,-48,21,-5,2,1,3,3,1,363
3.96,2,0,0,9,5,1,-49,269,-5,2,0,3,3,1,363
3.96,2,0,0,9,5,0,-42,142,-4,2,0,3,3,1,363
3.96,2,0,0,9,2,2,-16,247,-5,3,1,3,3,1,363
3.96,2,0,0,9,1,0,-9,308,-3,2,3,3,3,1,363
3.96,2,0,0,9,4,-1,-28,318,-4,3,0,3,3,1,364
3.96,2,0,0,9,0,2,-5,339,-6,6,0,3,3,1,364
3.96,2,0,0,9,5,-5,-3,155,-2,2,1,3,3,1,364
3.96,2,0,0,9,11,3,-74,204,-3,5,3,3,3,1,364
3.96,2,-1,0,9,6,3,-36,88,-7,0,0,3,3,1,364
3.96,2,0,0,9,0,-6,3,304,-2,5,0,3,3,1,364
3.96,2,0,0,9,-5,-5,86,91,-2,4,2,3,3,1,364
3.96,2,0,0,9,-4,-9,40,22,-5,4,0,3,3,1,364
3.96,2,-1,0,9,-5,-3,51,112,-6,7,0,3,3,1,364
3.96,2,0,0,9,1,-2,56,280,-5,0,2,3,3,1,364
3.96,2,0,0,9,-3,-6,60,220,-8,5,3,3,3,1,364
3.96,2,0,0,9,-6,-9,62,347,0,4,0,3,3,1,364
3.96,3,0,0,9,-7,4,74,170,-9,3,0,3,3,1,365
3.96,3,-1,0,9,0,-5,14,25,-7,6,1,3,3,1,365
3.96,2,0,0,9,-2,-3,32,227,-2,0,1,3,3,1,365
3.96,3,0,0,9,-10,-10,84,150,-3,5,1,3,3,1,365
3.96,3,0,0,9,0,-11,29,168,-2,3,3,3,3,2,365
3.96,3,0,0,9,-4,-2,-1,93,-3,2,3,3,3,2,365
3.96,3,0,0,9,1,0,-9,82,-5,0,3,3,3,1,365
3.96,3,0,0,9,0,1,-11,80,-4,0,1,3,3,2,365
3.96,3,0,0,9,0,-6,31,25,-1,2,3,3,3,2,365
3.96,3,0,0,9,-13,1,78,191,-6,5,2,3,3,2,365
3.96,3,0,0,9,-9,-4,100,170,-2,3,3,3,3,2,365
3.96,3,0,0,9,-8,-10,68,162,0,5,3,3,3,2,366
3.96,3,0,0,9,2,-4,12,223,-3,2,2,3,3,2,366
3.96,3,0,0,10,0,-7,37,199,-5,3,3,3,3,2,366
3.96,3,0,0,9,-5,0,80,298,-5,6,3,3,3,2,366
3.96,3,-1,0,9,-1,-2,25,141,-7,3,3,3,3,1,366
3.96,3,0,0,9,0,-4,28,14,-2,1,2,3,3,1,366
3.96,3,0,0,9,-6,-9,58,312,-1,4,2,3,3,2,366
3.96,3,0,0,9,-7,1,69,149,-5,4,1,3,3,1,366
3.96,3,-1,0,9,-7,-6,56,313,-9,5,1,3,3,2,366
3.96,3,0,0,9,-5,-8,53,140,-1,6,2,3,3,2,366
3.96,3,0,0,9,-8,1,25,64,-6,6,3,3,3,2,366
3.96,3,0,0,9,-3,0,33,348,-3,4,2,3,3,2,366
3.96,3,0,0,9,-8,-13,84,326,0,4,3,3,3,2,367
3.96,3,0,-1,9,7,1,-1,80,-5,3,2,3,3,2,367
3.96,3,0,0,9,2,4,-49,53,-6,8,3,3,3,2,367
3.96,3,0,0,9,5,-5,-31,180,-2,2,3,3,3,2,367
3.96,3,0,0,9,7,6,-65,268,-5,7,2,3,3,2,367
3.96,3,0,0,9,5,9,-51,158,-8,4,3,3,3,2,367
3.96,3,0,0,9,4,7,-43,135,-5,6,3,3,3,1,367
3.96,3,0,0,9,0,3,-43,106,-2,6,1,3,3,1,367
3.96,3,0,0,9,3,7,-47,332,-6,5,0,3,3,1,367
3.96,3,0,0,9,6,7,-78,292,-4,6,2,3,3,1,367
3.96,3,0,0,9,0,5,-52,240,-6,6,2,3,3,1,367
3.96,3,0,0,9,5,5,-59,102,-5,7,3,3,3,1,367
3.96,3,0,0,9,7,11,-87,46,-8,5,0,3,3,1,368
3.96,3,0,0,9,1,4,-42,20,-1,5,3,3,3,1,368
3.96,3,-1,0,9,6,8,-58,213,-8,4,2,3,3,1,368
3.96,3,0,0,9,8,6,-72,184,-2,4,3,3,3,1,368
3.96,3,0,0,9,1,4,-63,112,-5,7,0,3,3,1,368
3.96,3,0,0,9,4,2,-38,339,-3,4,3,3,3,1,368