4.16,16,0,0,9,0,0,0,218,1,-2,3,3,3,2,275
4.16,16,0,4,14,-14,-33,-49,248,-1,-15,3,3,3,2,275
4.16,16,-1,2,9,-18,-17,-7,25,-6,-7,3,3,3,2,275
4.16,16,0,1,9,-7,-5,-29,37,-2,-9,3,3,3,2,275
4.16,16,-1,0,8,10,0,-1,41,-4,0,3,3,3,2,275
4.16,16,0,1,10,34,0,-9,46,0,-4,3,3,3,2,275
4.16,16,1,0,9,-8,-3,-34,44,-1,-6,3,3,3,2,275
4.16,16,0,1,9,8,18,-40,53,-8,-2,3,3,3,2,275
4.16,16,-2,3,10,-28,-13,108,61,-21,-19,3,3,3,3,275
4.16,17,-5,6,4,-7,1,16,92,-27,-50,3,3,3,3,275
4.16,16,-5,8,4,-86,-6,-70,119,-24,-47,3,3,3,3,275
4.16,17,-4,7,5,31,58,-18,91,-11,-44,3,3,3,3,275
4.16,17,-3,5,5,-55,19,76,91,-17,-53,3,3,3,3,276
4.16,17,-4,9,3,-26,58,39,111,-27,-64,3,3,3,3,276
4.16,17,-4,10,3,25,-23,-23,102,-30,-61,3,3,3,3,276
4.16,17,-4,8,3,5,-11,-3,85,-25,-66,3,3,3,3,276
4.16,17,-4,8,4,-10,-14,19,108,-25,-60,3,3,3,3,276
4.16,17,-3,12,4,69,-20,12,98,-30,-51,3,3,3,3,276
4.16,17,-3,6,3,-20,-34,-18,82,-19,-52,3,3,3,3,276
4.16,17,-4,8,2,-14,-34,-53,98,-22,-69,3,3,3,3,276
4.16,17,-4,8,2,-3,21,-1,191,-30,-66,3,3,3,3,276
4.16,17,-3,8,2,-15,30,14,165,-28,-70,3,3,3,3,276
4.16,17,-4,9,3,28,-22,16,234,-26,-62,3,3,3,3,276
4.16,17,-5,9,2,38,-96,-33,289,-26,-66,3,3,3,3,276
4.16,17,-4,8,2,-20,18,3,266,-24,-75,3,3,3,3,277
4.16,17,-4,8,2,4,-5,-3,249,-25,-73,3,3,3,3,277
4.16,17,-3,7,4,78,-47,-8,298,-26,-66,3,3,3,3,277
4.16,17,-3,7,5,-8,-17,-19,296,-22,-54,3,3,3,3,277
4.16,17,-5,4,6,-16,16,-41,305,-47,-47,2,3,3,3,277
4.16,17,-1,0,7,-21,-17,41,53,10,-31,2,3,3,3,277
4.16,17,-2,0,10,-4,-19,76,143,-9,-6,3,3,3,3,277
4.16,17,-2,0,9,15,0,-4,203,-10,-1,3,3,3,3,277
4.16,17,-2,0,8,0,24,227,244,-7,31,3,3,3,3,277
4.16,17,-1,0,10,-13,10,112,107,-19,-11,1,3,3,3,277
4.16,17,-2,0,9,3,-11,-124,63,-14,6,3,3,3,3,277
4.16,17,-2,0,9,-8,-5,28,287,-9,1,0,3,3,3,277
4.16,17,-2,0,9,13,8,17,135,-14,-1,2,3,3,3,278
4.16,17,-2,0,9,0,15,-1,96,-14,0,1,3,3,3,278
4.16,17,-2,0,9,-8,-4,-47,236,-10,1,0,3,3,3,278
4.16,17,-2,0,9,-21,-7,73,352,-5,-2,2,3,3,3,278
4.16,17,-2,1,10,-26,-5,41,14,-10,3,3,3,3,3,278
4.16,17,-2,0,9,-16,-10,7,207,-8,1,0,3,3,3,278
4.16,17,-1,0,9,-21,1,51,195,-10,0,3,3,3,3,278
4.16,17,-2,0,9,-9,-7,68,137,-11,-5,0,3,3,3,278
4.16,17,-1,0,10,19,16,-65,107,-26,0,0,3,3,3,278
4.16,17,-2,0,9,-15,2,69,9,-6,0,3,3,3,3,278
4.16,17,-2,1,9,10,-6,-105,79,-27,3,3,3,3,3,278
4.16,17,-2,0,10,30,-10,-24,325,-14,-8,2,3,3,3,278
4.16,17,-2,0,9,-30,12,168,169,-3,0,3,3,3,3,279
4.16,17,-2,0,8,-3,14,-5,235,-15,0,3,3,3,3,279
4.16,17,-2,0,9,-3,-1,64,311,-27,2,2,3,3,3,279
4.16,17,-2,0,10,-46,-1,160,163,-9,-13,2,3,3,3,279
4.16,17,-3,0,9,-55,3,251,353,-9,-1,2,3,3,3,279
4.16,17,-2,0,8,24,-6,-151,1,-15,16,3,3,3,3,279
4.16,17,-2,0,9,4,-7,2,174,-10,-8,2,3,3,2,279
4.16,17,-2,0,10,-11,-20,24,261,-19,4,0,3,3,2,279
4.16,17,-2,0,10,-11,-4,-78,13,-11,3,3,3,3,3,279
4.16,17,-2,0,9,-15,11,45,139,-14,0,0,3,3,3,279
4.16,17,-2,0,10,-13,0,-1,139,-7,1,0,3,3,3,279
4.16,17,-2,0,9,-7,-3,-12,43,-1,3,0,3,3,3,279
4.16,17,-3,0,9,50,-42,-230,153,-6,5,0,3,3,3,280
4.16,17,-2,0,10,-27,-2,168,348,-5,-3,0,3,3,3,280
4.16,17,-2,0,9,18,-1,-106,353,-6,7,3,3,3,3,280
4.16,17,-3,0,10,-34,-20,158,112,-23,12,3,3,3,3,280
4.16,17,-2,0,9,-19,-24,121,288,-9,0,2,3,3,3,280
4.16,17,-2,0,9,0,-19,37,64,-8,-4,3,3,3,2,280
4.16,17,-2,0,9,10,-6,-70,207,-8,-2,0,3,3,3,280
4.16,17,-2,0,9,11,1,-37,79,-19,1,0,3,3,2,280
4.16,16,-2,0,9,17,-8,-32,54,-8,-7,2,3,3,2,280
4.16,16,-1,0,10,2,5,-18,144,-15,0,0,3,3,2,280
4.16,16,-2,0,8,51,-15,-141,275,-20,-13,1,3,3,2,280
4.16,16,-1,0,9,39,1,-70,147,-15,-1,2,3,3,3,280
4.16,16,-2,0,10,24,-7,-144,175,0,12,1,3,3,2,281
4.16,16,-2,0,9,4,2,-6,16,-9,4,2,3,3,2,281
4.16,16,-2,0,9,14,-1,-62,343,-10,-5,3,3,3,2,281
4.16,16,-2,0,9,19,-24,-114,313,-7,-18,2,3,3,2,281
4.16,16,-2,0,9,2,-1,34,138,-11,-3,1,3,3,2,281
4.16,16,-1,0,9,15,15,-90,221,-13,3,1,3,3,2,281
4.16,16,-2,0,9,22,-14,-85,264,2,-2,2,3,3,2,281
4.16,16,-2,0,9,1,2,16,55,-13,-3,3,3,3,2,281
4.16,16,-1,0,9,-30,6,-8,301,-14,1,2,3,3,2,281
4.16,16,-2,0,9,-3,1,26,63,-14,-1,3,3,3,2,281
4.16,16,-2,0,9,-8,-11,33,352,-8,-4,0,3,3,2,281
4.16,16,-1,0,9,16,-1,-63,331,-12,0,0,3,3,2,281
4.16,16,-2,0,9,14,-1,32,157,-7,-2,2,3,3,2,282
4.16,15,-2,0,9,-23,5,43,71,-11,5,2,3,3,2,282
4.16,15,-2,0,9,-19,-14,126,166,-25,15,2,3,3,2,282
4.16,15,-2,0,9,-5,-8,28,27,-11,-3,1,3,3,2,282
4.16,15,-2,0,9,-24,-1,99,199,-6,-3,1,3,3,2,282
4.16,15,-2,0,9,2,-15,-9,30,-7,-2,2,3,3,2,282
4.16,15,-2,0,9,-11,-3,120,227,1,2,3,3,3,2,282
4.16,15,-2,0,9,4,-1,13,6,-11,-4,3,3,3,2,282
4.16,15,-2,0,9,-15,2,54,136,-10,-1,3,3,3,2,282
4.16,15,-2,0,9,-4,-9,49,327,-10,-2,0,3,3,2,282
4.16,14,-2,0,9,-12,0,31,29,-9,-1,2,3,3,2,282
4.16,14,-2,0,9,-7,-4,44,242,-9,-1,0,3,3,2,283
4.16,14,-2,0,9,-9,-5,58,356,-8,-2,2,3,3,2,283
4.16,14,-2,0,9,4,0,40,183,-10,-4,3,3,3,2,283
4.16,14,-2,0,9,2,-5,13,335,-10,-2,1,3,3,2,283
4.16,13,-2,0,9,-3,-2,54,82,-9,-2,3,3,3,2,283
4.16,13,-2,0,9,0,-3,14,326,-11,-1,0,3,3,2,283
4.16,13,-2,0,9,-9,4,41,356,-13,-1,0,3,3,2,283
4.16,13,-2,0,9,10,4,51,308,-12,-6,1,3,3,2,283
4.16,13,-2,0,9,-12,-4,31,294,-11,2,3,3,3,2,283
4.16,13,-2,0,9,-2,0,48,223,-11,-3,3,3,3,2,283
4.16,13,-2,0,9,2,-6,28,320,-8,-2,1,3,3,2,283
4.16,13,-2,0,9,-7,-3,73,84,-8,-3,1,3,3,2,283
4.16,12,-2,0,9,-1,1,10,321,-11,-3,0,3,3,2,284
4.16,12,-2,0,9,-9,-3,47,359,-8,-1,2,3,3,2,284
4.16,12,-2,0,9,-4,-4,47,287,-11,-4,1,3,3,2,284
4.16,12,-2,0,9,6,0,8,17,-11,-3,1,3,3,2,284
4.16,12,-2,0,9,-19,-6,97,130,-4,0,3,3,3,2,284
4.16,12,-2,0,9,14,6,0,4,-12,-4,2,3,3,2,284
4.16,12,-2,0,9,0,-7,36,46,-9,-4,2,3,3,2,284
4.16,11,-2,0,9,9,-8,-9,284,-11,-3,0,3,3,2,284
4.16,11,-2,0,9,-16,-7,57,20,-5,4,2,3,3,2,284
4.16,11,-1,0,9,3,0,2,263,-10,-4,2,3,3,2,284
4.16,11,-2,0,9,-25,-5,83,301,-6,0,2,3,3,2,284
4.16,11,-2,0,9,-1,-1,27,213,-10,-3,3,3,3,2,284
4.16,11,-2,0,9,-14,-8,44,286,-9,-1,0,3,3,2,285
4.16,10,-2,0,9,-9,0,62,107,-8,-4,2,3,3,2,285
4.16,10,-2,0,9,0,-7,12,292,-9,-1,0,3,3,2,285
4.16,10,-2,0,9,-19,4,74,33,-10,-1,1,3,3,2,285
4.16,10,-2,0,9,-5,-6,52,309,-9,-4,0,3,3,2,285
4.16,10,-2,0,9,-3,7,18,165,-11,-3,3,3,3,2,285
4.16,10,-2,0,9,-20,0,71,197,-12,5,2,3,3,2,285
4.16,10,-2,0,9,-8,-8,20,1,-9,-1,2,3,3,2,285
4.16,9,-2,0,9,-3,-4,-27,142,-12,0,0,3,3,2,285
4.16,9,-2,0,9,2,2,40,89,-13,-5,1,3,3,2,285
4.16,9,-2,0,9,-7,1,63,141,-9,-2,3,3,3,2,285
4.16,9,-1,0,9,-2,-5,15,348,-13,-1,3,3,3,2,285
4.16,9,-2,0,9,-1,7,-26,74,-11,-2,1,3,3,2,286
4.16,9,-2,0,9,3,-7,23,73,-11,-4,3,3,3,2,286
4.16,9,-2,0,9,-1,-13,23,123,-12,1,2,3,3,2,286
4.16,8,-2,0,9,4,5,12,75,-14,-4,3,3,3,2,286
4.16,8,-2,0,9,-8,-8,46,233,-13,-1,3,3,3,2,286
4.16,8,-2,0,9,-26,-12,105,96,-10,-1,2,3,3,2,286
4.16,8,-2,0,9,5,-11,-17,306,-9,-1,2,3,3,2,286
4.16,8,-1,0,9,3,-1,-5,319,-13,-3,1,3,3,2,286
4.16,8,-1,0,9,-11,0,35,52,-14,0,3,3,3,2,286
4.16,7,-2,0,9,-9,-2,64,226,-9,-5,3,3,3,2,286
4.16,7,-2,0,9,-20,-11,46,308,-9,1,3,3,3,2,286
4.16,7,-2,0,9,4,7,37,191,-11,-5,0,3,3,2,286
4.16,7,-1,0,9,-13,-7,76,215,-1,-4,3,3,3,2,287
4.16,7,-2,0,9,6,-7,-3,313,-11,-2,3,3,3,2,287
4.16,7,-1,0,9,6,2,-8,276,-11,-4,2,3,3,2,287
4.16,6,-2,0,9,-10,-2,61,269,-11,1,1,3,3,2,287
4.16,6,-2,0,9,0,-1,22,203,-12,-4,3,3,3,2,287
4.16,6,-2,0,9,0,5,-35,181,-13,0,1,3,3,2,287
4.16,6,-1,0,9,3,1,-31,320,-12,-1,3,3,3,2,287
4.16,6,-1,0,9,0,6,-19,160,-14,0,3,3,3,2,287
4.16,6,-2,0,9,-24,16,131,312,-15,-2,3,3,3,2,287
4.16,6,-1,0,9,4,-6,-22,326,-11,0,3,3,3,2,287
4.16,5,-2,0,9,-7,0,38,239,-12,-3,1,3,3,2,287
4.16,5,-2,0,9,6,-2,45,25,-10,-4,1,3,3,2,287
4.16,5,-2,0,9,-22,5,68,53,-13,1,2,3,3,2,288
4.16,5,-2,0,9,0,5,32,342,-10,-4,1,3,3,2,288
4.16,5,-2,0,9,7,6,1,239,-14,-2,3,3,3,2,288
4.16,4,-2,0,9,3,-1,-62,222,-12,0,3,3,3,2,288
4.16,4,-1,0,9,4,6,-35,15,-15,1,2,3,3,2,288
4.16,4,-2,0,9,-10,-3,50,53,-13,0,0,3,3,2,288
4.16,4,-2,0,9,-12,-6,79,231,-8,-3,0,3,3,2,288
4.16,4,-2,0,9,-10,2,69,57,-10,-5,2,3,3,2,288
4.16,3,-2,0,9,0,-6,13,179,-10,-1,3,3,3,2,288
4.16,3,-2,0,9,-9,-9,40,26,-10,-2,2,3,3,2,288
4.16,3,-2,0,9,2,0,-2,237,-11,-3,3,3,3,2,288
4.16,2,-2,0,9,-3,-4,43,327,-10,-2,2,3,3,2,288
4.16,2,-2,0,9,-6,2,49,223,-11,-4,3,3,3,2,289
4.16,2,-2,0,9,-6,-8,32,277,-10,-1,3,3,3,2,289
4.16,1,-2,0,9,-5,-7,8,196,-10,0,2,3,3,2,289
4.16,1,-2,0,9,-21,1,88,22,-9,-1,1,3,3,2,289
4.16,1,-2,0,9,-5,0,52,235,-10,-3,2,3,3,2,289
4.16,0,-2,0,9,-7,-1,-11,348,-12,0,1,3,3,2,289
4.16,0,-2,0,9,-12,2,63,331,-13,-2,0,3,3,2,289
4.16,0,-2,0,9,-8,0,55,32,-11,-5,3,3,3,2,289
4.16,0,-1,0,10,-11,11,86,79,-15,-8,3,3,3,2,289
4.16,0,-1,0,9,-10,-2,40,352,-11,-3,3,3,3,2,289
4.16,-1,-2,0,9,-1,5,20,3,-12,-4,1,3,3,2,289
4.16,-1,-2,0,9,0,-3,16,221,-10,-3,3,3,3,2,289
4.16,-1,-2,0,9,-8,-1,66,306,-10,-4,2,3,3,2,290
4.16,-1,-2,0,9,9,1,-34,297,-12,-3,1,3,3,2,290
4.16,-1,-1,0,9,9,-2,-20,276,-10,-1,3,3,3,2,290
4.16,-1,-1,0,9,-11,6,45,162,-14,-1,2,3,3,2,290
4.16,-1,-2,0,9,19,8,-41,262,-14,-4,3,3,3,2,290
4.16,-1,-2,0,9,-9,-2,11,14,-11,-2,3,3,3,2,290
4.16,-1,-2,0,9,-13,8,59,149,-14,2,2,3,3,2,290
4.16,-1,-2,0,8,-1,3,14,59,-13,-3,1,3,3,2,290
4.16,-2,-2,0,9,0,-1,6,316,-12,-1,0,3,3,2,290
4.16,-2,-2,0,9,-20,0,100,105,-7,-2,1,3,3,2,290
4.16,-2,-2,0,9,0,0,37,303,-10,-5,3,3,3,2,290
4.16,-2,-2,0,9,7,-2,1,223,-11,-2,1,3,3,2,290
4.16,-2,-2,0,9,-3,1,42,136,-13,-5,2,3,3,2,291
4.16,-3,-2,0,9,-6,-6,41,230,-9,-1,1,3,3,2,291
4.16,-3,-2,0,9,-15,4,44,72,-11,0,3,3,3,2,291
4.16,-3,-1,0,9,-12,3,30,116,-14,-3,2,3,3,2,291
4.16,-3,-2,0,9,-32,10,171,289,-12,-5,3,3,3,2,291
4.16,-3,-2,0,9,-18,8,83,21,-11,-6,0,3,3,2,291
4.16,-3,-2,0,9,-4,-9,63,36,-7,-2,1,3,3,2,291
4.16,-3,-1,0,9,-2,5,26,276,-14,-8,3,3,3,2,291
4.16,-3,-1,0,9,-3,0,29,248,-10,-1,3,3,3,2,291
4.16,-3,-1,0,9,-5,0,-48,196,-13,1,3,3,3,2,291
4.16,-3,-2,0,9,23,0,-121,206,-11,4,0,3,3,2,291
4.16,-4,-2,0,9,-10,-1,50,111,-10,-1,3,3,3,2,291
4.16,-4,-2,0,9,1,-4,6,82,-8,-2,2,3,3,2,292
4.16,-4,-2,0,9,-9,3,54,174,-11,1,1,3,3,2,292
4.16,-4,-2,0,9,-38,4,168,68,-2,3,1,3,3,2,292
4.16,-4,-2,0,9,0,6,14,318,-14,-5,2,3,3,2,292
4.16,-5,-2,0,9,4,-12,2,202,-9,-2,3,3,3,2,292
4.16,-5,-2,0,9,-13,0,79,341,-7,-4,3,3,3,2,292
4.16,-5,-1,0,9,-7,-3,62,42,-9,-3,2,3,3,2,292
4.16,-5,-2,0,9,-12,-5,70,55,-8,-2,2,3,3,2,292
4.16,-5,-2,0,9,-17,5,57,281,-14,-2,3,3,3,2,292
4.16,-5,-1,0,9,13,2,-18,248,-13,-5,2,3,3,2,292
4.16,-5,-2,0,8,9,-10,-40,315,-10,0,3,3,3,2,292
4.16,-5,-2,0,9,-18,4,49,320,-14,0,3,3,3,2,292
4.16,-5,-2,0,9,-11,-2,42,24,-11,-6,3,3,3,2,293
4.16,-6,-2,0,9,9,-10,-4,328,-3,2,2,3,3,2,293
4.16,-6,-2,0,8,-13,-6,68,68,-6,6,3,3,3,2,293
4.16,-6,-2,0,9,9,0,-49,6,-12,0,3,3,3,2,293
4.16,-6,-2,0,9,5,1,-51,284,-13,0,3,3,3,2,293
4.16,-6,-2,0,9,7,9,-40,230,-13,-1,2,3,3,2,293
4.16,-6,-2,0,9,10,10,-47,92,-15,-2,2,3,3,2,293
4.16,-7,-2,0,9,-6,-2,23,180,-11,-2,2,3,3,2,293
4.16,-7,-1,0,9,-5,4,53,85,-6,-3,3,3,3,2,293
4.16,-7,-2,0,9,-44,-2,186,37,-1,-2,3,3,3,2,293
4.16,-7,-2,0,10,-23,30,78,253,-8,-3,2,3,3,2,293
4.16,-7,-2,0,8,0,3,-35,164,-8,0,3,3,3,2,293
4.16,-8,-1,0,9,11,9,-27,303,-12,-4,3,3,3,2,294
4.16,-8,-2,0,9,13,-2,-38,216,-11,2,2,3,3,2,294
4.16,-8,-2,0,9,13,-6,-124,227,-5,10,1,3,3,2,294
4.16,-8,-2,0,8,21,-1,-111,355,-21,0,3,3,3,2,294
4.16,-8,-2,0,9,1,9,-25,96,-12,0,0,3,3,2,294
4.16,-8,-1,0,9,9,2,-33,232,-16,0,1,3,3,2,294
4.16,-8,-2,0,9,-6,12,71,175,-12,0,0,3,3,2,294
4.16,-9,-1,0,9,8,8,-12,2,-13,-4,2,3,3,2,294
4.16,-9,-2,0,9,5,-2,-23,108,-11,-4,1,3,3,2,294
4.16,-9,-2,0,9,0,-5,-27,235,-11,0,1,3,3,2,294
4.16,-9,-2,0,9,9,2,-51,191,-13,-2,1,3,3,2,294
4.16,-9,-1,0,9,11,0,-38,46,-15,0,2,3,3,2,294
4.16,-9,-2,0,9,6,3,-34,189,-15,-4,1,3,3,2,295
4.16,-9,-2,0,9,-2,2,30,321,-18,-4,3,3,3,2,295
4.16,-9,-2,0,9,0,0,16,293,-13,-1,3,3,3,2,295
4.16,-10,-2,0,9,7,-6,-54,61,-12,0,3,3,3,2,295
4.16,-10,-2,0,9,9,2,-11,228,-12,-1,2,3,3,2,295
4.16,-10,-2,0,8,5,-1,-30,195,-13,-1,3,3,3,2,295
4.16,-10,-2,0,9,0,-2,-5,322,-10,-3,1,3,3,2,295
4.16,-11,-2,0,9,0,0,-1,11,-12,0,3,3,3,2,295
4.16,-11,-2,0,8,9,-9,-43,243,-10,-1,3,3,3,2,295
4.16,-10,-2,0,9,9,5,-24,57,-16,-2,3,3,3,2,295
4.16,-11,-2,0,9,2,4,14,89,-13,-4,1,3,3,2,295
4.16,-11,-2,0,9,12,-4,-64,123,-10,-2,1,3,3,2,296
4.16,-11,-2,0,9,10,1,-80,282,-14,0,0,3,3,2,296
4.16,-11,-2,1,9,20,1,-136,50,-9,5,2,3,3,2,296
4.16,-12,-2,0,8,2,7,-23,279,-14,0,2,3,3,2,296
4.16,-12,-2,0,9,0,10,16,260,-11,-3,3,3,3,2,296
4.16,-12,-2,0,9,9,6,-59,265,-14,-1,3,3,3,2,296
4.16,-12,-2,0,9,21,4,-83,83,-18,-3,3,3,3,2,296
4.16,-13,-2,0,9,9,-2,-17,0,-13,-2,2,3,3,2,296
4.16,-13,-2,0,9,-39,-5,102,99,-11,4,0,3,3,2,296
4.16,-13,-1,0,9,-12,-5,60,97,-6,-4,3,3,3,2,296
4.16,-13,-2,0,9,0,1,31,189,-11,-4,3,3,3,2,296
4.16,-13,-1,0,8,-20,-1,89,354,-14,-7,3,3,3,2,296
4.16,-13,-2,0,9,17,0,-62,157,-12,0,0,3,3,2,297
4.16,-14,-2,0,9,17,-4,-87,128,-11,-2,3,3,3,2,297
4.16,-14,-2,0,9,17,-2,-64,100,-12,-4,2,3,3,2,297
4.16,-14,-1,0,8,20,-3,-110,160,-4,5,3,3,3,2,297
4.16,-14,-1,0,9,1,4,-20,50,-15,0,0,3,3,2,297
4.16,-14,-2,0,9,-2,10,-2,70,-14,0,3,3,3,2,297
4.16,-14,-1,0,8,-3,1,17,288,-12,0,1,3,3,2,297
4.16,-14,-2,1,9,9,1,-7,135,-17,-6,2,3,3,2,297
4.16,-15,-2,0,9,-1,1,6,223,-9,2,3,3,3,2,297
4.16,-15,-2,0,9,-19,11,74,150,-15,-3,2,3,3,2,297
4.16,-15,-2,0,9,-8,0,43,189,-11,-1,2,3,3,2,297
4.16,-15,-2,0,10,0,-1,-12,141,-10,-4,3,3,3,2,297
4.16,-16,-1,0,9,3,15,-4,231,-16,-3,3,3,3,2,298
4.16,-16,-1,0,8,14,-1,-55,239,-8,-1,3,3,3,2,298
4.16,-16,-2,0,10,-15,3,103,344,-13,-12,1,3,3,2,298
4.16,-16,-2,0,9,-31,1,133,210,-16,-3,3,3,3,2,298
4.16,-16,-1,0,9,-6,5,41,77,-13,-4,2,3,3,2,298
4.16,-16,-1,0,9,12,0,-23,55,-12,-5,1,3,3,2,298
4.16,-16,-2,0,9,12,0,-58,42,-11,-3,3,3,3,2,298
4.16,-17,-2,0,9,3,-4,-30,274,-11,-1,2,3,3,2,298
4.16,-17,-2,0,9,26,0,-90,177,-17,3,2,3,3,2,298
4.16,-17,-2,0,9,0,-1,-70,184,-8,2,0,3,3,2,298
4.16,-18,-2,0,8,-5,2,-8,81,-12,-2,2,3,3,2,298
4.16,-18,-2,0,9,-25,-2,30,91,-11,-1,1,3,3,2,298
4.16,-18,-1,0,9,-9,3,37,70,-12,-5,3,3,3,2,299
4.16,-18,-2,0,9,-25,1,40,238,-9,0,2,3,3,2,299
4.16,-18,-1,1,9,-7,2,22,302,-20,-4,3,3,3,2,299
4.16,-18,-1,0,9,1,-2,-13,314,-11,-1,3,3,3,2,299
4.16,-18,-2,0,9,0,3,-20,24,-12,0,2,3,3,2,299
4.16,-19,-2,0,9,9,6,-76,335,-12,0,3,3,3,2,299
4.16,-19,-2,0,9,10,-6,-11,338,-11,-6,1,3,3,2,299
4.16,-19,-2,0,9,-7,1,43,87,-12,-3,3,3,3,2,299
4.16,-20,-2,0,9,26,-7,-70,175,-11,-2,2,3,3,2,299
4.16,-20,-2,0,9,11,-8,-88,217,-3,5,3,3,3,2,299
4.16,-20,-2,0,9,11,4,-71,106,-15,4,3,3,3,2,299
4.16,-20,-2,0,9,3,3,-31,76,-9,-1,1,3,3,2,299
4.16,-20,-1,0,9,-8,7,-15,295,-15,0,3,3,3,2,300
4.16,-20,-2,0,9,-11,2,21,293,-13,-1,1,3,3,2,300
4.16,-20,-2,0,9,-18,0,95,346,-10,-4,2,3,3,2,300
4.16,-20,-2,0,8,-27,14,141,180,-3,4,3,3,3,2,300
4.16,-20,-2,0,10,-15,3,132,278,-2,-6,0,3,3,2,300
4.16,-20,-2,0,9,-7,11,58,317,-15,0,0,3,3,2,300
4.16,-20,-1,0,9,13,10,-72,169,-20,-2,2,3,3,2,300
4.16,-21,-2,0,8,3,-9,-57,285,-11,-1,1,3,3,2,300
4.16,-21,-2,0,9,16,-7,-84,276,-9,-6,3,3,3,2,300
4.16,-21,-2,0,9,16,-11,-62,253,-9,-2,0,3,3,2,300
4.16,-21,-2,0,8,-4,5,-8,337,-12,-1,2,3,3,2,300
4.16,-21,-1,0,10,-3,8,23,266,-16,-3,3,3,3,2,300
4.16,-21,-2,0,9,2,-2,7,131,-11,-6,3,3,3,2,301
4.16,-22,-2,0,9,-5,-6,-11,194,-11,0,0,3,3,2,301
4.16,-21,-2,0,9,-9,-9,12,203,-9,0,3,3,3,2,301
4.16,-21,-2,0,9,-26,4,101,134,-9,-1,3,3,3,2,301
4.16,-21,-2,0,9,-23,-1,117,327,-5,7,1,3,3,2,301
4.16,-21,-1,0,9,-22,1,65,286,-12,0,0,3,3,2,301
4.16,-22,-2,0,8,-21,-4,87,356,-8,-3,2,3,3,2,301
4.16,-22,-2,0,9,9,0,-29,314,-10,-4,3,3,3,2,301
4.16,-22,-2,0,9,6,-3,-42,168,-13,5,3,3,3,2,301
4.16,-22,-1,0,9,13,0,-67,42,-14,4,3,3,3,2,301
4.16,-22,-2,0,8,10,-7,-56,54,-8,0,0,3,3,2,301
4.16,-22,-2,0,9,8,6,-51,349,-16,-1,3,3,3,2,301
4.16,-22,-2,0,10,-8,-3,5,102,-9,-2,3,3,3,2,302
4.16,-22,-2,0,9,0,0,67,279,-8,-5,0,3,3,2,302
4.16,-22,-2,0,9,-19,1,112,120,-12,0,3,3,3,2,302
4.16,-22,-2,1,8,-30,-4,133,265,-1,3,3,3,3,2,302
4.16,-22,-2,0,9,-12,8,39,127,-14,-6,2,3,3,2,302
4.16,-23,-1,0,9,3,6,-7,64,-12,-2,2,3,3,2,302
4.16,-23,-2,0,9,17,3,-58,78,-12,-4,3,3,3,2,302
4.16,-23,-1,0,9,1,-7,-10,32,-9,-1,3,3,3,2,302
4.16,-23,-1,0,8,-13,3,91,123,-8,-1,3,3,3,2,302
4.16,-23,-2,0,9,-14,-2,47,82,-10,-1,0,3,3,2,302
4.16,-23,-2,0,9,-10,-3,55,202,-9,-4,2,3,3,2,302
4.16,-22,-2,0,9,-16,1,97,212,-9,-6,2,3,3,2,302
4.16,-23,-2,0,9,-1,-1,26,249,-9,-4,3,3,3,2,303
4.16,-23,-1,0,9,-1,6,-10,36,-16,-1,0,3,3,2,303
4.16,-23,-2,0,9,21,5,-103,350,-15,-6,2,3,3,2,303
4.16,-23,-2,0,8,0,0,-37,34,-10,0,3,3,3,2,303
4.16,-23,-2,0,9,16,10,-44,195,-17,7,2,3,3,2,303
4.16,-23,-2,0,9,6,4,-9,152,-11,-4,0,3,3,2,303
4.16,-23,-2,0,9,2,-6,-17,111,-10,-1,0,3,3,2,303
4.16,-23,-1,0,9,5,3,-60,71,-14,2,3,3,3,2,303
4.16,-23,-2,0,9,-2,-9,15,264,-10,-5,3,3,3,2,303
4.16,-24,-2,0,9,-16,16,84,231,-11,0,0,3,3,2,303
4.16,-24,-2,0,9,-19,0,45,293,-9,0,2,3,3,2,303
4.16,-24,-2,0,9,14,7,1,146,-13,-2,0,3,3,2,303
4.16,-24,-2,0,9,-13,2,80,320,-15,-3,3,3,3,2,304
4.16,-24,-2,0,9,-16,5,85,274,-9,0,3,3,3,2,304
4.16,-24,-1,0,8,-9,4,19,338,-10,-4,0,3,3,2,304
4.16,-24,-2,0,9,13,15,-72,107,-18,-3,2,3,3,2,304
4.16,-24,-2,0,9,22,-9,-126,253,0,0,2,3,3,2,304
4.16,-24,-1,0,9,10,0,-28,93,-12,-3,0,3,3,2,304
4.16,-24,-2,0,9,17,-6,-100,138,-9,8,2,3,3,2,304
4.16,-24,-2,0,9,4,-8,-50,200,-10,0,3,3,3,2,304
4.16,-24,-2,0,8,7,3,-43,6,-13,-3,2,3,3,2,304
4.16,-25,-2,0,8,16,4,-90,96,-13,-2,2,3,3,2,304
4.16,-25,-2,0,9,-15,-1,71,204,-16,-5,3,3,3,2,304
4.15,-24,-1,0,9,-2,-6,7,3,-15,-4,1,3,3,2,304
4.16,-24,-1,0,9,-7,-2,35,354,-12,-4,0,3,3,2,305
4.16,-25,-2,0,9,-6,-6,3,113,-12,0,0,3,3,2,305
4.15,-25,-1,0,9,4,-6,-53,140,-10,-3,1,3,3,2,305
4.16,-25,-2,0,8,18,-11,-109,58,-1,-7,3,3,3,2,305
4.15,-25,-2,0,9,21,-10,-89,352,-9,-3,1,3,3,2,305
4.15,-25,-2,0,9,-23,-1,78,268,-9,-4,1,3,3,2,305
4.16,-25,-2,0,9,-29,5,131,41,-12,3,2,3,3,2,305
4.15,-25,-2,0,9,-1,-6,-25,159,-8,0,1,3,3,2,305
4.15,-25,-2,0,9,21,1,-76,332,-16,3,3,3,3,2,305
4.16,-25,-2,0,9,-12,-15,3,68,-7,-1,2,3,3,2,305
4.15,-25,-2,0,8,15,-3,-72,340,-9,-3,2,3,3,2,305
4.15,-25,-2,0,9,2,-7,-46,199,-12,0,3,3,3,2,305
4.15,-25,-2,0,8,11,4,-79,220,-14,0,3,3,3,2,306
4.15,-25,-2,0,9,-15,6,56,261,-10,-3,3,3,3,2,306
4.15,-25,-2,0,9,-17,8,112,302,-13,-7,1,3,3,2,306
4.15,-25,-2,0,9,-19,-10,88,108,-12,-2,3,3,3,2,306
4.15,-25,-2,0,9,-11,-9,59,54,-8,-5,3,3,3,2,306
4.15,-25,-2,0,9,0,-1,24,57,-11,-2,2,3,3,2,306
4.15,-25,-2,0,9,-4,0,34,264,-10,-4,2,3,3,2,306
4.15,-25,-2,0,9,8,1,-17,345,-13,-5,2,3,3,2,306
4.15,-25,-1,0,9,12,-2,-46,194,-14,-4,3,3,3,2,306
4.15,-25,-2,0,9,17,-1,-71,126,-13,-3,3,3,3,2,306
4.15,-25,-2,0,9,12,2,-55,49,-15,-1,3,3,3,2,306
4.15,-25,-2,0,8,11,-3,-53,288,-10,-4,3,3,3,2,306
4.15,-25,-1,0,9,-4,3,-7,109,-14,-1,2,3,3,2,307
4.15,-25,-2,0,9,7,2,-31,15,-13,-2,0,3,3,2,307
4.15,-25,-2,0,10,15,9,-116,278,-18,3,1,3,3,2,307
4.15,-25,-2,1,10,7,10,-115,320,-14,15,3,3,3,2,307
4.15,-25,-2,0,9,11,-11,-40,229,-10,0,3,3,3,2,307
4.15,-25,-2,0,8,4,1,-76,127,-14,4,0,3,3,2,307
4.15,-25,-1,0,10,-6,1,20,111,-16,0,3,3,3,2,307
4.15,-25,-1,0,9,0,27,28,73,-17,-6,3,3,3,2,307
4.15,-25,-2,0,9,-1,0,43,18,-10,-4,0,3,3,2,307
4.14,-25,-2,0,8,-12,-4,103,88,-8,-8,0,3,3,2,307
4.15,-25,-2,0,9,-2,-9,35,217,-9,-4,3,3,3,2,307
4.15,-25,-2,0,9,-13,-14,104,243,1,4,2,3,3,2,307
4.14,-26,-2,0,9,-6,2,95,319,-7,-9,0,3,3,2,308
4.15,-26,-2,0,9,6,-5,7,304,-7,1,1,3,3,2,308
4.14,-26,-1,0,10,-4,19,84,183,-20,-11,3,3,3,2,308
4.14,-26,-1,0,9,-20,6,-13,343,-14,1,3,3,3,2,308
4.14,-26,-2,0,9,-6,-1,9,147,-11,0,1,3,3,2,308
4.14,-26,-2,0,8,14,-10,-89,246,-5,0,1,3,3,2,308
4.14,-26,-2,0,9,23,-3,-45,339,-12,-7,3,3,3,2,308
4.14,-26,-1,0,9,-7,0,-10,81,-11,-2,1,3,3,2,308
4.14,-26,-2,0,8,3,2,-51,329,-13,0,3,3,3,2,308
4.14,-27,-1,0,8,-9,7,-38,253,-15,-2,1,3,3,2,308
4.14,-27,-2,0,9,16,8,-23,306,-12,-6,2,3,3,2,308
4.14,-27,-2,0,9,-9,9,100,76,-16,-1,3,3,3,2,309
4.14,-26,-2,0,8,-13,3,80,80,-8,-4,2,3,3,2,309
4.14,-27,-2,0,9,-18,-3,99,51,-8,0,1,3,3,2,309
4.14,-27,-2,0,9,3,-2,12,226,-10,-5,3,3,3,2,309
4.14,-26,-1,0,9,-2,3,-33,126,-13,0,0,3,3,2,309
4.14,-26,-2,0,9,26,0,-95,355,-17,-2,1,3,3,2,309
4.14,-26,-2,0,9,15,-4,-69,85,-9,-2,1,3,3,2,309
4.14,-27,-1,0,8,-6,3,4,262,-15,-1,0,3,3,2,309
4.14,-27,-1,0,8,-3,-5,-8,325,-10,-1,2,3,3,2,309
4.14,-27,-2,0,9,-1,3,33,12,-14,-5,3,3,3,2,309
4.14,-27,-2,0,9,-22,8,93,4,-8,0,2,3,3,2,309
4.14,-26,-2,0,9,-6,1,26,343,-13,-2,3,3,3,2,309
4.14,-26,-2,0,9,9,7,-16,319,-14,-2,1,3,3,2,310
4.14,-26,-2,0,9,20,-5,-69,63,-11,-6,3,3,3,2,310
4.14,-26,-2,0,9,22,-5,-67,332,-11,-3,3,3,3,2,310
4.14,-26,-1,0,9,23,-2,-56,287,-15,-4,2,3,3,2,310
4.14,-26,-1,0,9,24,0,-62,233,-13,-7,2,3,3,2,310
4.14,-26,-1,0,9,-2,-6,-17,96,-13,-1,2,3,3,2,310
4.14,-26,-2,0,9,-2,4,13,141,-14,-4,0,3,3,2,310
4.14,-26,-1,0,9,-8,5,-38,186,-14,1,0,3,3,2,310
4.14,-26,-2,0,9,17,-8,-90,233,6,-8,0,3,3,2,310
4.14,-26,-2,0,9,1,4,-34,58,-15,0,3,3,3,2,310
4.14,-26,-1,0,9,4,-2,-7,196,-13,-4,1,3,3,2,310
4.14,-26,-2,0,9,-23,0,120,25,-10,-12,3,3,3,2,310
4.14,-26,-2,0,9,-24,1,144,144,-17,-1,3,3,3,2,311
4.14,-26,-2,0,9,-30,8,125,242,-2,2,2,3,3,2,311
4.14,-26,-2,0,9,-17,12,63,114,-14,0,3,3,3,2,311
4.14,-26,-2,0,9,8,4,-64,120,-13,0,3,3,3,2,311
4.14,-26,-2,0,9,30,7,-153,319,-18,5,2,3,3,2,311
4.14,-26,-2,0,8,-16,-7,37,22,-8,-2,0,3,3,2,311
4.14,-26,-2,0,9,12,5,-103,166,-20,9,0,3,3,2,311
4.14,-26,-2,0,9,0,-4,-54,228,-11,0,0,3,3,2,311
4.14,-26,-2,0,10,15,1,-80,60,-15,3,3,3,3,2,311
4.14,-26,-2,0,9,0,-7,-22,296,-10,-1,3,3,3,2,311
4.14,-26,-1,0,8,0,3,28,309,-14,-4,3,3,3,2,311
4.14,-26,-2,0,9,1,-8,16,199,-8,-3,3,3,3,2,311
4.14,-26,-2,0,8,-9,10,92,358,-11,-8,2,3,3,2,312
4.14,-26,-2,0,9,-24,7,114,102,3,-5,3,3,3,2,312
4.14,-26,-2,0,9,-11,3,87,99,-10,-4,0,3,3,2,312
4.14,-26,-2,0,9,0,-6,65,155,-9,-7,3,3,3,2,312
4.13,-26,-1,0,8,-5,-1,74,264,-9,-7,3,3,3,2,312
4.13,-26,-1,0,8,-2,0,25,254,-9,-2,1,3,3,2,312
4.13,-26,-2,0,9,-3,10,7,92,-15,-1,3,3,3,2,312
4.13,-26,-1,0,9,-8,-2,24,328,-11,0,3,3,3,2,312
4.13,-26,-2,0,9,-5,-3,-50,331,-12,2,3,3,3,2,312
4.13,-26,-2,0,9,2,-9,-2,102,-11,-3,0,3,3,2,312
4.13,-26,-2,0,9,-30,11,143,326,-15,-9,3,3,3,2,312
4.13,-26,-2,0,9,-17,-9,25,199,-9,0,2,3,3,2,312
4.13,-26,-2,0,9,-10,10,43,114,-15,-5,2,3,3,2,313
4.13,-26,-2,0,9,-13,-4,73,18,-10,-1,3,3,3,2,313
4.13,-26,-2,0,9,-8,6,53,175,-12,-6,2,3,3,2,313
4.13,-26,-2,0,9,-9,-1,74,189,-7,-4,3,3,3,2,313
4.13,-26,-2,0,9,-2,7,36,335,-12,-6,1,3,3,2,313
4.13,-26,-2,0,9,-1,-7,79,339,-6,-7,0,3,3,2,313
4.13,-25,-2,0,9,-6,11,60,75,-11,-6,0,3,3,2,313
4.13,-25,-1,0,8,-7,-7,35,75,-10,-4,0,3,3,2,313
4.13,-25,-2,0,9,0,1,-29,344,-13,0,3,3,3,2,313
4.13,-26,-2,0,9,9,1,-39,224,-10,-5,3,3,3,2,313
4.13,-26,-1,0,8,4,0,6,232,-9,-3,1,3,3,2,313
4.13,-26,-2,0,10,-8,0,-46,180,-12,3,0,3,3,2,313
4.13,-26,-1,0,8,1,-2,-34,150,-11,-5,1,3,3,2,314
4.13,-26,-2,0,9,-11,-21,84,51,-4,-4,3,3,3,2,314
4.13,-26,-2,0,8,-18,10,99,222,-3,0,1,3,3,3,314
4.13,-26,-2,0,11,0,7,-156,155,-16,20,0,3,3,3,314
4.13,-26,-1,0,9,-11,-8,-13,187,-14,-2,0,3,3,3,314
4.13,-26,-2,1,9,1,-7,-96,357,-8,6,3,3,3,3,314
4.13,-26,-2,0,9,-12,1,103,202,-5,4,2,3,3,3,314
4.13,-26,-2,0,8,-30,6,175,358,-12,-10,0,3,3,3,314
4.13,-26,-2,0,9,-19,2,58,147,-13,0,3,3,3,3,314
4.13,-26,-2,0,9,1,2,3,71,-12,-4,2,3,3,3,314
4.13,-26,-2,0,8,9,0,-30,295,-14,-3,2,3,3,2,314
4.13,-26,-2,0,9,7,-1,-66,348,-9,0,1,3,3,2,314
4.13,-27,-2,0,9,5,-4,-40,287,-13,0,3,3,3,2,315
4.13,-27,-1,0,8,15,0,-44,167,-13,-2,1,3,3,2,315
4.13,-26,-2,0,9,1,3,-25,129,-14,0,0,3,3,2,315
4.13,-27,-2,0,9,15,5,-115,109,-7,6,3,3,3,2,315
4.13,-27,-1,0,8,-3,4,-8,338,-15,0,3,3,3,2,315
4.13,-26,-2,0,9,0,-3,-63,38,-12,2,2,3,3,2,315
4.13,-27,-2,0,9,10,-3,-24,143,-11,-2,3,3,3,2,315
4.12,-27,-2,0,9,12,3,-77,127,-18,-1,2,3,3,2,315
4.12,-27,-2,0,9,3,10,-49,80,-16,-1,1,3,3,2,315
4.12,-27,-2,0,9,-6,-11,0,279,-9,-1,1,3,3,2,315
4.12,-27,-2,0,9,-16,2,70,136,-8,-4,3,3,3,2,315
4.12,-27,-2,0,8,-22,-4,91,7,-8,0,0,3,3,2,315
4.12,-27,-1,0,8,-5,5,41,238,-13,-6,2,3,3,2,316
4.12,-27,-1,0,8,-8,6,15,349,-14,-4,1,3,3,2,316
4.12,-27,-1,0,8,-2,8,31,16,-14,-6,2,3,3,2,316
4.12,-27,-2,0,10,-4,0,-15,182,-13,0,2,3,3,2,316
4.12,-27,-2,0,9,-6,0,2,151,-10,-1,3,3,3,2,316
4.12,-27,-2,0,9,-14,0,61,249,-13,-2,2,3,3,2,316
4.12,-27,-2,0,9,-18,10,98,258,-16,-4,3,3,3,2,316
4.12,-27,-1,0,8,8,0,-34,65,-13,-1,0,3,3,2,316
4.12,-27,-2,0,9,9,4,-56,95,-15,0,0,3,3,2,316
4.12,-27,-2,0,9,4,-15,-2,275,-9,-4,0,3,3,2,316
4.12,-27,-2,0,10,7,-1,-88,333,-16,6,1,3,3,2,316
4.12,-27,-2,0,9,-7,-9,-20,334,-9,0,3,3,3,2,316
4.12,-27,-2,0,9,-14,4,97,315,-12,-10,2,3,3,2,317
4.12,-27,-2,0,9,-42,3,159,93,-11,3,0,3,3,2,317
4.12,-27,-1,0,8,-12,8,61,10,-11,-3,0,3,3,2,317
4.12,-27,-2,0,8,-13,-4,80,351,-5,-3,3,3,3,2,317
4.11,-27,-2,0,9,-19,-6,70,295,-9,0,3,3,3,2,317
4.11,-27,-2,0,9,-16,-2,35,260,-8,-2,0,3,3,2,317
4.12,-27,-2,0,9,12,-3,-81,220,-11,-3,3,3,3,2,317
4.11,-27,-2,0,9,11,1,-48,43,-14,-5,3,3,3,2,317
4.11,-27,-2,0,9,11,2,-44,260,-15,-4,3,3,3,2,317
4.11,-27,-1,0,9,12,-2,-38,336,-12,-6,2,3,3,2,317
4.11,-27,-1,0,9,2,0,-16,65,-13,-3,2,3,3,2,317
4.11,-27,-1,0,9,-1,4,9,116,-12,-2,3,3,3,2,317
4.11,-27,-2,0,9,-4,0,20,335,-11,-1,2,3,3,2,318
4.11,-27,-1,0,9,-3,6,39,340,-15,-4,1,3,3,2,318
4.11,-27,-1,0,8,-9,0,15,38,-12,-2,2,3,3,2,318
4.11,-27,-2,0,9,0,-3,4,330,-9,-5,2,3,3,2,318
4.11,-27,-2,0,9,-11,-8,22,208,-8,-2,3,3,3,2,318
4.11,-27,-2,0,9,-7,1,22,272,-11,-1,1,3,3,2,318
4.11,-27,-1,0,8,2,-4,-7,356,-11,-1,1,3,3,2,318
4.11,-27,-1,0,9,-8,7,1,292,-13,0,2,3,3,2,318
4.11,-27,-2,0,9,-2,-8,32,26,-10,-6,0,3,3,2,318
4.11,-27,-2,0,9,10,-1,-33,266,-11,-6,3,3,3,2,318
4.11,-27,-2,0,9,-12,9,76,36,-14,-7,3,3,3,2,318
4.11,-27,-2,0,9,-3,0,34,99,-13,-3,3,3,3,2,318
4.11,-27,-1,0,8,-4,-2,12,339,-10,-3,1,3,3,2,319
4.11,-27,-2,0,9,-15,0,59,181,-11,-1,2,3,3,2,319
4.11,-27,-2,0,9,-9,1,50,83,-9,-4,2,3,3,2,319
4.11,-27,-1,0,9,-6,-2,24,11,-13,-4,3,3,3,2,319
4.11,-27,-1,0,9,1,4,-17,64,-15,-2,0,3,3,2,319
4.11,-26,-2,0,9,1,0,-63,161,-13,0,0,3,3,2,319
4.11,-27,-2,0,9,-14,3,-9,274,-12,0,3,3,3,2,319
4.11,-27,-1,0,8,2,0,-12,354,-14,-3,2,3,3,2,319
4.11,-26,-2,0,9,-36,11,149,31,-19,0,3,3,3,2,319
4.11,-27,-2,0,9,-15,-4,61,170,-12,-2,3,3,3,2,319
4.11,-27,-2,0,9,-11,-1,83,317,-9,-6,0,3,3,2,319
4.11,-27,-2,0,9,-9,-2,60,32,-8,-4,3,3,3,2,319
4.11,-27,-2,0,9,0,1,0,294,-12,-2,3,3,3,2,320
4.11,-26,-2,0,9,2,3,-25,91,-15,-3,2,3,3,2,320
4.11,-26,-2,0,9,20,-5,-67,322,-12,-3,3,3,3,2,320
4.11,-27,-2,0,9,6,2,-60,19,-12,1,2,3,3,2,320
4.10,-27,-2,0,9,16,5,-68,284,-15,-1,2,3,3,2,320
4.10,-27,-2,0,8,4,0,-76,245,-12,0,1,3,3,2,320
4.10,-27,-2,0,10,19,10,-66,76,-17,-6,2,3,3,2,320
4.10,-27,-1,0,9,-2,10,4,64,-14,-2,2,3,3,2,320
4.10,-27,-2,0,9,-20,-1,55,23,-9,0,3,3,3,2,320
4.10,-26,-2,0,9,0,3,49,189,-13,-4,2,3,3,2,320
4.10,-27,-2,0,9,8,2,11,52,-12,-7,3,3,3,2,320
4.10,-26,-2,0,8,-8,-3,45,193,-9,-2,0,3,3,2,321
4.10,-26,-2,0,9,5,-2,9,264,-12,-4,2,3,3,2,321
4.10,-26,-2,0,9,3,-11,-37,86,-10,0,3,3,3,2,321
4.10,-26,-1,0,8,2,1,-52,29,-13,0,3,3,3,2,321
4.10,-26,-2,0,9,6,2,11,175,-12,-4,2,3,3,2,321
4.10,-26,-2,0,9,4,8,-7,9,-14,-4,3,3,3,2,321
4.10,-26,-2,0,9,9,-6,-23,53,-11,-6,3,3,3,2,321
4.10,-26,-1,0,8,9,5,-1,61,-15,-5,3,3,3,2,321
4.10,-26,-2,0,9,21,-8,-56,349,-12,-5,2,3,3,2,321
4.10,-26,-1,0,8,16,-9,-73,153,-9,-3,2,3,3,2,321
4.10,-27,-2,0,9,5,-9,-76,76,-8,0,2,3,3,2,321
4.09,-26,-2,0,10,18,-11,-88,101,-9,-4,3,3,3,2,321
4.09,-27,-2,0,9,14,15,-84,139,-18,-1,3,3,3,2,322
4.09,-26,-2,0,9,17,-6,-73,111,-15,-2,0,3,3,2,322
4.09,-27,-2,0,9,4,3,-36,186,-12,-1,1,3,3,2,322
4.09,-26,-2,0,9,9,-12,-32,233,-8,-3,3,3,3,2,322
4.09,-27,-2,0,9,-34,14,163,355,-7,4,0,3,3,2,322
4.09,-26,-2,0,8,-22,0,106,119,-9,-12,3,3,3,2,322
4.09,-27,-1,0,8,0,16,7,191,-17,-3,2,3,3,2,322
4.09,-26,-2,0,10,1,-8,-18,293,-12,-3,3,3,3,2,322
4.09,-27,-2,0,9,9,5,-72,153,-14,0,0,3,3,2,322
4.09,-26,-2,0,9,30,-2,-90,302,-15,-9,2,3,3,2,322
4.09,-26,-2,0,9,26,7,-102,304,-15,0,1,3,3,2,322
4.09,-26,-2,0,8,3,3,-44,9,-12,0,2,3,3,2,322
4.09,-26,-2,0,9,14,-2,-59,206,-15,0,1,3,3,2,323
4.09,-27,-2,0,9,8,2,-62,213,-12,1,2,3,3,2,323
4.09,-26,-2,0,8,8,-6,-10,328,-10,-4,3,3,3,2,323
4.09,-26,-2,0,9,-6,6,37,330,-14,-2,2,3,3,2,323
4.09,-26,-2,0,9,5,10,-38,317,-17,-2,2,3,3,2,323
4.09,-26,-2,0,9,11,6,-58,257,-13,0,2,3,3,2,323
4.09,-26,-1,0,8,1,-12,-28,303,-8,-1,1,3,3,2,323
4.09,-26,-2,0,9,11,-8,-45,299,-8,-6,3,3,3,2,323
4.09,-26,-1,0,8,4,-5,-18,300,-12,-5,2,3,3,2,323
4.09,-26,-2,0,10,3,-7,-27,184,-9,0,0,3,3,2,323
4.09,-26,-2,0,9,-8,2,-1,148,-11,0,1,3,3,2,323
4.09,-26,-1,0,9,6,-1,21,214,-13,-7,2,3,3,2,323
4.09,-26,-1,0,9,0,6,2,265,-14,-1,2,3,3,2,324
4.09,-26,-2,0,9,17,6,-85,240,-15,0,3,3,3,2,324
4.09,-26,-2,0,9,3,-4,-50,208,-10,0,3,3,3,2,324
4.09,-26,-2,0,9,6,-4,-18,12,-10,-5,3,3,3,2,324
4.09,-26,-1,0,8,2,-5,11,289,-12,-3,2,3,3,2,324
4.09,-26,-1,0,8,-5,-4,9,292,-11,-4,2,3,3,2,324
4.08,-27,-2,0,9,-2,5,4,187,-11,-2,2,3,3,2,324
4.08,-27,-2,0,9,-7,9,-7,94,-14,0,0,3,3,2,324
4.08,-27,-2,0,9,-1,-15,-27,177,-8,-2,0,3,3,2,324
4.08,-27,-2,0,9,-21,-2,121,64,-2,-9,3,3,3,2,324
4.08,-26,-2,0,9,-19,7,51,74,-12,-2,0,3,3,2,324
4.08,-26,-2,0,9,-17,12,46,171,-15,0,0,3,3,2,324
4.08,-26,-1,0,9,-16,-2,40,282,-10,0,0,3,3,2,325
4.08,-26,-1,0,8,2,3,2,278,-13,-2,1,3,3,2,325
4.08,-26,-2,0,9,4,2,-47,300,-13,0,2,3,3,2,325
4.08,-26,-2,0,9,-2,2,-40,97,-14,-1,1,3,3,2,325
4.08,-26,-2,0,9,-20,8,89,186,-15,-3,2,3,3,2,325
4.08,-26,-1,0,8,-5,-3,15,6,-11,-1,3,3,3,2,325
4.08,-26,-1,0,8,-6,-3,37,195,-9,-4,3,3,3,2,325
4.08,-26,-2,0,9,-15,4,58,286,-12,0,1,3,3,2,325
4.08,-26,-2,0,9,8,3,-29,158,-15,-3,3,3,3,2,325
4.08,-26,-2,0,9,-2,0,1,214,-13,-3,3,3,3,2,325
4.07,-26,-1,0,9,9,1,-15,299,-12,-3,2,3,3,2,325
4.08,-26,-1,0,8,8,-3,-22,341,-12,-5,3,3,3,2,325
4.08,-26,-2,0,9,3,-3,-21,19,-10,-2,2,3,3,2,326
4.07,-26,-2,0,9,-10,6,47,229,-11,-4,3,3,3,2,326
4.07,-26,-2,0,9,8,-4,-8,97,-11,-6,3,3,3,2,326
4.07,-26,-2,0,9,-6,0,44,319,-10,-5,0,3,3,2,326
4.07,-26,-2,0,8,-6,-1,48,10,-11,-4,1,3,3,2,326
4.07,-26,-1,0,8,1,-3,0,321,-11,-5,3,3,3,2,326
4.07,-26,-2,0,9,-2,-2,13,315,-12,-4,3,3,3,2,326
4.07,-26,-2,0,9,10,0,-50,110,-11,-3,0,3,3,2,326
4.07,-26,-2,0,9,19,2,-51,341,-15,-5,1,3,3,2,326
4.07,-26,-2,0,8,17,2,-67,291,-14,-1,2,3,3,2,326
4.07,-26,-2,0,9,10,0,-52,333,-12,-1,0,3,3,2,326
4.07,-26,-2,0,9,14,3,-57,158,-16,-2,1,3,3,2,326
4.07,-26,-2,0,9,-3,-12,2,341,-7,-1,3,3,3,2,327
4.07,-26,-2,0,8,-25,6,102,230,-9,2,3,3,3,2,327
4.07,-26,-2,0,10,-7,-14,23,311,-10,-2,0,3,3,2,327
4.07,-26,-2,0,9,-24,10,133,205,-11,-3,1,3,3,2,327
4.07,-26,-2,0,8,-24,1,94,88,-8,0,2,3,3,2,327
4.07,-26,-2,0,8,-17,5,81,290,-9,-6,3,3,3,2,327
4.07,-26,-2,0,9,-16,-6,97,270,-7,-2,1,3,3,2,327
4.07,-26,-2,0,9,-6,4,70,0,-11,-5,0,3,3,2,327
4.07,-26,-1,0,9,-7,-6,48,27,-8,-3,2,3,3,2,327
4.07,-26,-2,0,8,-3,-4,2,263,-11,-1,3,3,3,2,327
4.07,-26,-2,0,9,-6,0,29,256,-11,-3,3,3,3,2,327
4.07,-26,-2,0,9,-33,12,141,181,-18,-1,1,3,3,2,327
4.07,-26,-2,0,9,-20,0,83,4,-8,-1,2,3,3,2,328
4.07,-26,-2,0,9,-9,3,66,314,-11,-2,3,3,3,2,328
4.07,-26,-2,0,9,-4,0,35,70,-10,-5,3,3,3,2,328
4.07,-25,-2,0,9,-3,1,37,300,-10,-5,2,3,3,2,328
4.07,-25,-1,0,8,0,-2,0,169,-10,-3,2,3,3,2,328
4.07,-25,-2,0,9,-10,-2,30,154,-12,-2,3,3,3,2,328
4.07,-25,-2,0,9,4,-2,-19,176,-10,-3,0,3,3,2,328
4.07,-25,-2,0,9,2,9,0,209,-15,-2,2,3,3,2,328
4.07,-25,-2,0,8,9,-1,-60,271,-14,0,1,3,3,2,328
4.07,-25,-2,0,9,11,1,-81,124,-17,0,2,3,3,2,328
4.07,-25,-2,0,9,4,-4,-24,329,-9,-1,2,3,3,2,328
4.07,-25,-1,0,9,2,-6,20,318,-11,-3,3,3,3,2,328
4.07,-25,-2,0,9,-26,1,130,141,-2,-7,3,3,3,2,329
4.07,-25,-2,0,9,-20,18,100,300,-18,0,3,3,3,2,329
4.07,-25,-2,0,9,-21,-1,95,194,-7,0,3,3,3,2,329
4.07,-25,-2,0,9,2,0,20,322,-10,-6,2,3,3,2,329
4.07,-25,-1,0,8,2,2,-2,42,-12,-4,3,3,3,2,329
4.07,-25,-2,0,9,-18,0,58,219,-9,-3,2,3,3,2,329
4.07,-25,-2,0,9,-10,-2,76,140,-9,-6,3,3,3,2,329
4.07,-25,-2,0,9,-13,-2,28,164,-10,0,2,3,3,2,329
4.07,-25,-1,0,9,5,3,-23,252,-14,-1,2,3,3,2,329
4.06,-25,-1,0,8,0,-1,-18,347,-11,-2,2,3,3,2,329
4.07,-25,-2,0,9,3,-1,-21,48,-13,-1,0,3,3,2,329
4.07,-25,-2,0,9,15,-2,-57,238,-14,-4,3,3,3,2,329
4.06,-25,-2,0,9,0,-2,-12,90,-13,-1,2,3,3,2,330
4.06,-25,-2,0,8,9,-2,-42,277,-10,-4,1,3,3,2,330
4.07,-25,-2,0,9,3,8,-5,102,-15,-2,0,3,3,2,330
4.06,-25,-2,0,10,18,-2,-30,283,-12,-7,2,3,3,2,330
4.07,-25,-2,0,9,12,-2,-41,179,-12,-5,3,3,3,2,330
4.06,-25,-2,0,9,2,0,-55,115,-12,-1,2,3,3,2,330
4.06,-25,-1,0,8,8,6,-29,281,-14,-3,3,3,3,2,330
4.06,-25,-2,0,9,-4,5,59,55,-13,-6,3,3,3,2,330
4.06,-25,-2,0,9,-13,0,34,210,-10,0,0,3,3,2,330
4.06,-25,-2,0,9,-7,-6,33,89,-10,-5,3,3,3,2,330
4.06,-24,-2,0,8,-13,0,78,139,-9,-6,3,3,3,2,330
4.06,-25,-2,0,9,-17,6,62,38,-11,0,3,3,3,2,330
4.06,-25,-2,0,9,0,-6,30,133,-8,-4,3,3,3,2,331
4.06,-24,-1,0,9,-8,4,27,64,-13,-4,3,3,3,2,331
4.06,-24,-2,0,9,-9,3,23,152,-13,-1,1,3,3,2,331
4.06,-24,-1,0,8,-2,-3,-26,268,-13,0,0,3,3,2,331
4.06,-24,-1,0,8,-15,3,49,220,-14,0,2,3,3,2,331
4.06,-24,-2,0,9,-13,4,106,182,-15,-8,2,3,3,2,331
4.06,-24,-2,0,9,2,-9,-26,156,-11,-1,2,3,3,2,331
4.06,-24,-1,0,8,17,0,-60,241,-10,-2,3,3,3,2,331
4.06,-24,-2,0,9,-27,-6,141,270,-4,10,3,3,3,2,331
4.06,-24,-2,0,9,-21,-3,58,201,-9,0,0,3,3,2,331
4.06,-24,-2,0,9,-18,2,80,100,-11,-7,2,3,3,2,331
4.06,-24,-2,0,9,-4,-6,57,144,-8,-2,3,3,3,2,331
4.06,-24,-2,0,9,-15,11,72,213,-14,-2,1,3,3,2,332
4.06,-24,-2,0,8,-23,-2,98,130,-11,1,2,3,3,2,332
4.06,-24,-2,0,9,-9,0,38,114,-13,-2,3,3,3,2,332
4.06,-24,-2,0,9,2,0,20,27,-9,-5,3,3,3,2,332
4.06,-24,-2,0,9,-6,0,43,190,-9,-4,2,3,3,2,332
4.06,-24,-1,0,8,-6,4,3,3,-13,0,3,3,3,2,332
4.05,-24,-2,0,9,-1,1,-15,97,-12,-2,3,3,3,2,332
4.06,-24,-2,0,9,15,0,-40,299,-12,-5,2,3,3,2,332
4.05,-24,-2,0,9,10,3,-19,39,-15,-5,1,3,3,2,332
4.05,-24,-1,0,9,6,4,-12,115,-14,-4,3,3,3,2,332
4.06,-24,-2,0,8,-15,-3,91,85,-6,-3,2,3,3,2,332
4.05,-24,-2,0,9,11,-1,7,160,-10,-6,2,3,3,2,332
4.05,-23,-2,0,9,-15,0,101,176,-8,6,2,3,3,2,333
4.05,-23,-2,0,9,1,-5,30,336,-9,-7,0,3,3,2,333
4.05,-24,-2,0,9,8,9,-98,178,-3,-11,0,3,3,2,333
4.05,-23,-1,0,9,8,15,-50,277,-23,0,1,3,3,2,333
4.05,-23,-2,0,9,9,8,-27,248,-16,-2,2,3,3,2,333
4.05,-23,-2,0,8,33,-1,-144,152,-17,4,1,3,3,2,333
4.05,-23,-2,0,9,36,-4,-103,353,-18,-6,3,3,3,2,333
4.05,-23,-2,0,9,2,2,-59,144,-13,1,2,3,3,2,333
4.05,-23,-1,0,8,-7,-1,20,255,-12,-1,0,3,3,2,333
4.05,-23,-2,0,9,-21,1,63,195,-15,-3,3,3,3,2,333
4.05,-23,-1,0,8,-9,-6,26,354,-11,-1,0,3,3,2,333
4.05,-23,-2,0,9,-8,9,67,337,-15,-6,3,3,3,2,333
4.05,-23,-2,0,9,15,2,-56,272,-16,-5,1,3,3,2,334
4.05,-23,-2,0,9,17,-7,-108,47,1,0,2,3,3,2,334
4.05,-23,-2,0,9,12,3,-50,239,-15,-4,3,3,3,2,334
4.05,-23,-2,0,9,5,-1,-32,32,-14,-3,3,3,3,2,334
4.05,-23,-1,0,8,-19,2,40,103,-13,0,1,3,3,2,334
4.05,-23,-2,0,9,-6,5,11,32,-13,-3,3,3,3,2,334
4.05,-23,-2,0,9,17,-3,-61,257,-14,-5,2,3,3,2,334
4.05,-23,-2,0,8,12,2,-90,351,-13,0,3,3,3,2,334
4.05,-23,-2,0,9,-16,-1,67,103,-13,0,2,3,3,2,334
4.05,-23,-2,0,9,-26,13,102,48,-17,0,0,3,3,2,334
4.05,-23,-1,0,8,3,0,-25,131,-11,-3,3,3,3,2,334
4.05,-23,-1,0,9,5,5,-25,195,-15,-5,2,3,3,2,335
4.05,-22,-2,0,9,-19,10,53,321,-15,0,3,3,3,2,335
4.05,-22,-2,0,9,15,0,-80,200,-13,0,3,3,3,2,335
4.05,-23,-2,0,9,21,1,-74,270,-12,-2,2,3,3,2,335
4.05,-23,-2,0,9,8,-5,-28,44,-11,-5,3,3,3,2,335
4.05,-22,-2,0,9,15,-4,-67,288,-9,-2,2,3,3,2,335
4.05,-22,-2,0,8,18,-4,-83,274,-9,-5,1,3,3,2,335
4.05,-22,-2,0,9,-15,-2,9,144,-11,0,3,3,3,2,335
4.05,-22,-2,0,9,-6,3,40,108,-14,-5,2,3,3,2,335
4.05,-22,-2,0,9,1,4,51,128,-14,-6,2,3,3,2,335
4.05,-22,-1,0,8,-3,-6,5,296,-12,-4,0,3,3,2,335
4.05,-22,-2,0,9,-9,4,65,290,-14,-6,0,3,3,2,335
4.05,-22,-2,0,9,3,-3,21,261,-10,-6,2,3,3,2,336
4.05,-22,-1,0,8,-19,0,63,11,-14,-3,1,3,3,2,336
4.05,-22,-1,0,8,-9,-7,9,240,-8,0,1,3,3,2,336
4.05,-22,-2,0,9,-10,6,29,162,-12,-1,2,3,3,2,336
4.05,-22,-2,0,9,13,4,-27,129,-14,-6,2,3,3,2,336
4.05,-22,-2,0,8,-4,-1,94,144,-7,-4,3,3,3,2,336
4.05,-22,-2,0,9,-8,-4,36,44,-13,-2,2,3,3,2,336
4.05,-22,-2,0,9,-5,0,28,349,-11,-3,2,3,3,2,336
4.05,-22,-1,0,8,-1,1,0,193,-14,-1,2,3,3,2,336
4.05,-22,-2,0,9,0,4,0,265,-13,-2,3,3,3,2,336
4.05,-22,-1,0,9,2,-2,-15,343,-11,-1,3,3,3,2,336
4.05,-22,-2,0,9,3,-5,-11,35,-10,-3,3,3,3,2,336
4.05,-22,-2,0,9,0,1,0,3,-14,-2,2,3,3,2,337
4.05,-22,-2,0,9,0,0,7,5,-13,-3,1,3,3,2,337
4.05,-22,-1,0,8,4,4,-1,57,-14,-5,2,3,3,2,337
4.05,-22,-2,0,9,3,3,-47,149,-12,-1,3,3,3,2,337
4.05,-22,-1,0,8,7,1,-45,202,-14,-3,1,3,3,2,337
4.05,-22,-1,0,9,-6,-4,8,4,-12,-1,2,3,3,2,337
4.05,-22,-2,0,9,12,-4,-50,124,-10,-1,3,3,3,2,337
4.05,-22,-2,0,9,0,-4,-29,195,-10,0,2,3,3,2,337
4.05,-22,-1,0,8,11,0,-22,357,-13,-5,2,3,3,2,337
4.05,-22,-2,0,9,8,1,-45,137,-14,-3,2,3,3,2,337
4.05,-22,-2,0,9,-4,0,-14,201,-12,0,1,3,3,2,337
4.05,-22,-1,0,8,5,-5,-8,300,-11,-5,1,3,3,2,337
4.05,-21,-2,0,9,-2,-1,-7,151,-11,0,3,3,3,2,338
4.05,-21,-2,0,9,-27,5,96,126,-15,0,1,3,3,2,338
4.05,-21,-1,0,8,-12,1,45,241,-12,0,0,3,3,2,338
4.05,-21,-1,0,9,5,-1,16,116,-11,-6,2,3,3,2,338
4.05,-21,-2,0,9,-15,1,89,220,-9,-3,2,3,3,2,338
4.05,-21,-2,0,9,-23,-7,107,150,-3,2,3,3,3,2,338
4.05,-21,-2,0,9,-11,3,33,186,-11,0,3,3,3,2,338
4.05,-21,-2,0,9,-4,0,4,94,-10,-1,2,3,3,2,338
4.05,-21,-2,0,9,0,1,23,164,-14,-4,3,3,3,2,338
4.05,-21,-1,0,8,3,0,-38,334,-10,0,0,3,3,2,338
4.05,-21,-2,0,9,8,-8,-31,335,-9,-3,2,3,3,2,338
4.05,-21,-2,0,9,2,7,-12,212,-15,-5,3,3,3,2,338
4.05,-21,-2,0,9,-13,-3,127,184,-1,-5,2,3,3,2,339
4.05,-21,-2,0,9,-4,-8,24,113,-10,-1,3,3,3,2,339
4.05,-21,-2,0,9,-10,4,62,20,-11,-6,2,3,3,2,339
4.05,-21,-2,0,9,-18,-4,103,357,-4,1,1,3,3,2,339
4.05,-21,-2,0,9,3,-2,11,158,-9,-5,3,3,3,2,339
4.05,-21,-2,0,9,-10,2,85,148,-12,0,1,3,3,2,339
4.05,-21,-2,0,9,-9,1,51,142,-13,0,3,3,3,2,339
4.05,-21,-2,0,10,14,6,-62,70,-16,-1,0,3,3,2,339
4.05,-21,-2,0,9,38,4,-113,59,-17,0,1,3,3,2,339
4.05,-21,-2,0,8,19,0,-75,209,-15,-4,2,3,3,2,339
4.05,-21,-2,0,9,-5,-2,-14,59,-12,0,2,3,3,2,339
4.05,-21,-2,0,9,-5,0,13,134,-13,-2,2,3,3,2,339
4.05,-21,-2,0,9,-16,5,97,93,-16,-6,2,3,3,2,340
4.05,-21,-2,0,9,-8,-2,68,7,-8,-3,0,3,3,2,340
4.05,-21,-2,0,9,-8,-2,45,181,-8,-4,2,3,3,2,340
4.05,-21,-2,0,9,0,-7,56,293,-7,-6,0,3,3,2,340
4.05,-21,-1,0,9,-2,-2,42,289,-9,-5,1,3,3,2,340
4.05,-21,-2,0,9,-3,6,57,14,-10,-4,2,3,3,2,340
4.05,-20,-2,0,9,-11,10,90,350,-11,0,2,3,3,2,340
4.05,-20,-2,0,8,-7,3,59,289,-12,-2,1,3,3,2,340
4.05,-20,-2,0,9,-19,3,77,356,-9,-2,3,3,3,2,340
4.05,-20,-2,0,9,-10,7,71,37,-12,-4,3,3,3,2,340
4.05,-20,-1,0,8,0,-5,-5,231,-11,-3,1,3,3,2,340
4.05,-20,-2,0,9,8,1,-33,275,-14,-1,3,3,3,2,340
4.05,-20,-2,0,9,-3,0,-5,120,-13,0,3,3,3,2,341
4.05,-20,-2,0,9,-6,8,-14,296,-14,0,3,3,3,2,341
4.05,-20,-1,0,8,3,-6,-24,59,-10,-1,3,3,3,2,341
4.05,-20,-2,0,9,8,-1,-59,233,-13,-1,0,3,3,2,341
4.05,-20,-2,0,9,7,3,-47,73,-12,-1,3,3,3,2,341
4.05,-20,-2,0,9,0,-11,-31,215,-9,0,3,3,3,2,341
4.05,-20,-1,0,8,4,1,-52,160,-13,0,2,3,3,2,341
4.05,-20,-2,0,9,-4,-2,23,287,-12,-1,3,3,3,2,341
4.05,-20,-2,0,9,20,6,-48,73,-16,-5,2,3,3,2,341
4.05,-20,-1,0,8,6,-2,-39,309,-12,-4,3,3,3,2,341
4.05,-20,-2,0,9,5,-4,-18,183,-10,-4,3,3,3,2,341
4.05,-20,-1,0,9,8,1,-17,16,-14,-4,2,3,3,2,341
4.05,-20,-1,0,9,4,-5,1,102,-13,-5,3,3,3,2,342
4.05,-20,-1,0,8,11,-3,-55,358,-12,-4,3,3,3,2,342
4.05,-20,-2,0,9,23,0,-94,15,-12,-7,3,3,3,2,342
4.05,-20,-2,0,9,18,1,-82,97,-15,0,1,3,3,2,342
4.05,-20,-2,0,9,10,-3,-48,210,-11,-1,3,3,3,2,342
4.05,-20,-2,0,9,18,2,-104,162,-18,8,3,3,3,2,342
4.05,-20,-2,0,8,12,-3,-67,236,-11,0,3,3,3,2,342
4.05,-20,-1,0,9,5,-4,-30,74,-11,-1,3,3,3,2,342
4.05,-20,-2,0,9,14,-1,-59,174,-14,-3,2,3,3,2,342
4.05,-19,-2,0,9,13,-3,-68,94,-10,-1,3,3,3,2,342
4.05,-19,-1,0,9,6,-5,-34,331,-13,-2,1,3,3,2,342
4.05,-19,-1,0,8,9,-4,-46,265,-12,-2,3,3,3,2,342
4.05,-19,-2,0,9,3,5,-23,83,-13,0,3,3,3,2,343
4.05,-19,-1,0,9,-3,1,-18,179,-14,-2,2,3,3,2,343
4.05,-19,-2,0,9,5,-2,-15,106,-10,-3,1,3,3,2,343
4.05,-19,-2,0,9,-14,-2,98,174,-4,-4,2,3,3,2,343
4.05,-19,-2,0,9,-13,0,42,121,-11,0,2,3,3,2,343
4.05,-19,-2,0,9,2,2,-1,353,-11,-2,2,3,3,2,343
4.05,-19,-2,0,9,2,5,-42,349,-14,1,2,3,3,2,343
4.05,-19,-2,0,8,-12,9,57,260,-15,-4,1,3,3,2,343
4.05,-19,-2,0,9,-7,12,56,314,-12,-5,2,3,3,2,343
4.05,-19,-2,0,9,-13,-9,96,202,-6,-2,0,3,3,2,343
4.05,-19,-1,0,9,-20,6,52,162,-15,0,3,3,3,2,343
4.05,-19,-2,0,9,0,-5,-14,300,-11,0,2,3,3,2,343
4.05,-19,-2,0,9,-13,6,66,251,-14,-5,2,3,3,2,344
4.05,-19,-2,0,9,-2,10,31,316,-14,-5,3,3,3,2,344
4.05,-19,-1,0,8,4,-10,-12,211,-10,-2,2,3,3,2,344
4.05,-19,-2,0,9,-17,4,77,5,-10,-4,0,3,3,2,344
4.05,-19,-2,0,9,3,-7,1,126,-9,-5,2,3,3,2,344
4.05,-19,-1,0,9,0,3,4,104,-14,-4,3,3,3,2,344
4.05,-19,-2,0,9,1,-3,-23,238,-10,0,3,3,3,2,344
4.05,-19,-2,0,8,11,-4,-40,29,-10,-2,2,3,3,2,344
4.05,-18,-2,0,9,2,0,-11,358,-11,-1,3,3,3,2,344
4.05,-18,-2,0,9,0,6,16,245,-15,-4,3,3,3,2,344
4.05,-19,-1,0,8,4,-4,9,147,-10,-6,2,3,3,2,344
4.05,-18,-2,0,9,-15,1,42,317,-10,-1,2,3,3,2,344
4.05,-18,-2,0,9,23,-2,-53,66,-13,-6,1,3,3,2,345
4.05,-18,-2,0,8,12,2,-91,197,-16,3,2,3,3,2,345
4.05,-18,-2,0,9,15,7,-77,194,-15,-2,1,3,3,2,345
4.05,-18,-1,0,9,-7,-3,9,0,-12,0,0,3,3,2,345
4.05,-18,-2,0,9,-16,11,99,359,-17,-6,2,3,3,2,345
4.05,-18,-2,0,9,-22,2,81,183,-10,0,2,3,3,2,345
4.05,-18,-2,0,9,9,0,0,330,-9,-4,2,3,3,2,345
4.05,-18,-2,0,8,-14,4,92,134,-7,-3,3,3,3,2,345
4.05,-18,-2,0,9,-13,-1,49,33,-13,-1,1,3,3,2,345
4.05,-18,-2,0,9,-11,8,87,224,-13,-5,3,3,3,2,345
4.05,-18,-1,0,9,-12,-2,64,146,-11,-1,3,3,3,2,345
4.05,-18,-2,0,9,0,-5,16,4,-11,-6,1,3,3,2,345
4.05,-18,-2,0,9,11,2,-55,98,-15,-1,0,3,3,2,346
4.05,-18,-2,0,9,7,-3,-63,163,-9,-2,0,3,3,2,346
4.05,-18,-2,0,9,4,7,-44,62,-17,0,3,3,3,2,346
4.05,-18,-1,0,8,5,-5,-12,224,-10,-2,3,3,3,2,346
4.05,-18,-2,0,9,11,-3,-46,349,-11,-2,1,3,3,2,346
4.05,-18,-2,0,9,1,-2,-24,331,-11,-1,3,3,3,2,346
4.05,-18,-2,0,9,0,3,2,335,-13,-3,3,3,3,2,346
4.05,-18,-2,0,9,5,-1,-34,56,-10,-2,2,3,3,2,346
4.05,-18,-1,0,9,5,5,-17,168,-15,-4,3,3,3,2,346
4.05,-18,-2,0,9,4,0,-17,300,-12,-5,2,3,3,2,346
4.05,-18,-1,0,9,-1,0,21,4,-14,-4,1,3,3,2,346
4.07,-18,-2,0,9,12,-6,-63,206,-10,-4,3,3,3,2,347
4.06,-18,-2,0,9,17,-2,-70,177,-15,-4,0,3,3,2,347
4.05,-18,-2,0,9,16,8,-117,231,-15,13,3,3,3,2,347
4.05,-17,-2,0,9,8,4,-36,174,-11,-1,1,3,3,2,347
4.05,-17,-2,0,9,21,4,-81,27,-19,-4,3,3,3,2,347
4.05,-17,-2,0,9,21,13,-102,23,-16,0,0,3,3,2,347
4.05,-17,-2,0,9,0,-6,-6,345,-10,-1,0,3,3,2,347
4.05,-17,-1,0,9,18,3,-80,183,-19,-3,3,3,3,2,347
4.05,-17,-2,0,9,14,-3,-44,99,-10,-4,2,3,3,2,347
4.05,-17,-2,0,9,-3,-3,-23,336,-13,0,2,3,3,2,347
4.05,-17,-2,0,9,3,0,-24,144,-12,0,2,3,3,2,347
4.05,-17,-2,0,9,-14,4,26,123,-13,1,3,3,3,2,347
4.06,-17,-1,0,9,-10,5,16,102,-11,0,3,3,3,2,348
4.06,-17,-1,0,9,9,0,-23,185,-12,-5,3,3,3,2,348
4.05,-17,-1,0,9,-5,1,-8,335,-12,0,2,3,3,2,348
4.05,-17,-2,0,9,-1,0,7,78,-14,-2,3,3,3,2,348
4.06,-17,-2,0,9,3,-2,-52,265,-10,0,3,3,3,2,348
4.06,-17,-1,0,8,8,-1,-51,212,-14,-1,3,3,3,2,348
4.06,-17,-2,0,9,6,-2,-27,344,-12,-1,2,3,3,2,348
4.06,-17,-2,0,9,9,-5,-20,40,-11,-5,3,3,3,2,348
4.05,-16,-2,0,9,7,0,-2,75,-12,-5,2,3,3,2,348
4.05,-16,-2,0,9,9,1,-35,80,-13,-1,2,3,3,2,348
4.05,-16,-1,0,8,3,-2,-34,121,-10,0,2,3,3,2,348
4.06,-16,-2,0,9,-5,-3,-4,112,-10,-2,3,3,3,2,348
4.06,-16,-2,0,9,-15,-3,61,178,-9,-1,1,3,3,2,349
4.06,-16,-1,0,8,-1,-2,14,223,-11,-2,1,3,3,2,349
4.06,-16,-2,0,9,0,-2,1,244,-12,-2,2,3,3,2,349
4.06,-16,-2,0,9,17,2,-30,307,-14,-5,2,3,3,2,349
4.06,-16,-2,0,9,7,4,-39,350,-13,-2,3,3,3,2,349
4.06,-16,-2,0,9,4,2,-39,201,-15,0,2,3,3,2,349
4.06,-16,-2,0,9,-18,7,78,94,-11,-5,3,3,3,2,349
4.06,-16,-2,0,9,-15,6,67,241,-12,-4,0,3,3,2,349
4.06,-16,-2,0,9,-18,0,46,295,-11,1,3,3,3,2,349
4.06,-16,-1,0,9,-3,5,5,240,-12,-1,3,3,3,2,349
4.06,-16,-2,0,9,5,-3,-28,289,-12,-5,2,3,3,2,349
4.06,-16,-2,0,9,8,0,-62,176,-10,0,0,3,3,2,349
4.06,-16,-2,0,9,7,3,-43,20,-15,-2,3,3,3,2,350
4.06,-16,-2,0,9,0,0,-20,125,-13,0,2,3,3,2,350
4.06,-16,-1,0,9,2,-1,-23,218,-13,-1,3,3,3,2,350
4.06,-16,-2,0,9,-3,3,11,247,-14,-1,3,3,3,2,350
4.06,-16,-1,0,8,-2,0,3,281,-12,-1,3,3,3,2,350
4.06,-16,-2,0,9,-1,0,3,292,-11,-3,2,3,3,2,350
4.06,-16,-1,0,8,-6,0,29,311,-12,-3,2,3,3,2,350
4.06,-16,-2,0,9,-9,1,35,342,-14,-3,2,3,3,2,350
4.06,-16,-2,0,9,9,0,-2,294,-11,-5,0,3,3,2,350
4.06,-16,-2,0,9,-15,4,52,123,-14,-3,0,3,3,2,350
4.06,-16,-2,0,9,-14,0,21,281,-12,1,3,3,3,2,350
4.06,-16,-2,0,9,-5,9,47,228,-15,-4,3,3,3,2,350
4.06,-16,-2,0,9,-18,2,98,131,-10,5,2,3,3,2,351
4.06,-16,-1,0,8,-4,-2,22,223,-9,-3,0,3,3,2,351
4.06,-16,-2,0,9,-1,6,21,5,-13,-1,2,3,3,2,351
4.06,-16,-2,0,9,25,-3,-77,244,-15,-6,2,3,3,2,351
4.07,-16,-2,0,9,6,4,-54,310,-13,0,3,3,3,2,351
4.07,-16,-2,0,9,1,0,-13,147,-14,0,2,3,3,2,351
4.07,-15,-2,0,9,26,0,-75,44,-13,-6,2,3,3,2,351
4.06,-15,-2,0,9,20,2,-70,83,-11,-1,2,3,3,2,351
4.07,-15,-1,0,9,-1,1,-8,295,-15,-1,2,3,3,2,351
4.07,-15,-1,0,9,1,-6,-8,130,-10,-1,3,3,3,2,351
4.06,-15,-2,0,9,-15,-1,104,298,-5,-8,1,3,3,2,351
4.07,-15,-2,0,9,-9,-9,36,232,-8,-2,1,3,3,2,351
4.07,-15,-2,0,9,-13,-3,73,52,-8,-3,2,3,3,2,352
4.07,-15,-2,0,8,-18,-5,94,26,-3,-3,0,3,3,2,352
4.07,-15,-2,0,9,-28,5,113,232,-8,3,3,3,3,2,352
4.07,-15,-2,0,9,2,-7,7,321,-9,-5,0,3,3,2,352
4.07,-15,-2,0,9,-14,1,56,197,-9,-2,0,3,3,2,352
4.07,-15,-2,0,9,-6,4,47,303,-14,-4,3,3,3,2,352
4.07,-15,-2,0,8,5,0,-1,238,-13,-5,2,3,3,2,352
4.07,-15,-2,0,9,-15,0,86,286,-8,-4,3,3,3,2,352
4.07,-15,-2,0,9,-16,-5,78,244,-8,-1,0,3,3,2,352
4.07,-15,-2,0,9,-5,-1,20,15,-9,-3,2,3,3,2,352
4.07,-15,-2,0,9,-8,-11,87,18,-5,-4,2,3,3,2,352
4.07,-15,-1,0,8,-4,0,27,50,-11,-1,2,3,3,2,352
4.07,-15,-2,0,9,-15,-3,82,181,-6,-1,2,3,3,2,353
4.07,-15,-2,0,8,-7,-4,49,217,-8,-3,2,3,3,2,353
4.07,-15,-2,0,9,0,3,38,347,-10,-4,1,3,3,2,353
4.07,-15,-2,0,9,-7,-1,61,334,-8,-3,0,3,3,2,353
4.07,-15,-2,0,9,-12,0,68,44,-9,-4,1,3,3,2,353
4.07,-15,-2,0,9,-22,-11,97,25,-1,4,2,3,3,2,353
4.07,-15,-2,0,9,0,2,48,155,-11,-6,3,3,3,2,353
4.07,-15,-1,0,9,-5,0,22,346,-12,-4,2,3,3,2,353
4.07,-15,-1,0,8,-2,5,21,48,-15,-3,0,3,3,2,353
4.07,-15,-2,0,9,-3,-2,-22,126,-12,0,0,3,3,2,353
4.07,-15,-2,0,9,11,-7,-29,274,-11,-5,1,3,3,2,353
4.07,-15,-2,0,9,15,1,-81,274,-14,0,2,3,3,2,353
4.07,-15,-2,0,9,10,-5,-60,359,-9,-1,1,3,3,2,354
4.07,-15,-1,0,8,-3,5,0,188,-15,-1,0,3,3,2,354
4.07,-14,-2,0,9,-5,4,-6,259,-14,0,3,3,3,2,354
4.07,-14,-2,0,9,-17,-4,70,304,-10,-2,0,3,3,2,354
4.07,-14,-2,0,9,-14,3,80,348,-14,-5,3,3,3,2,354
4.07,-14,-2,0,9,-10,-4,25,134,-9,0,2,3,3,2,354
4.07,-14,-2,0,9,-9,-1,32,100,-11,-4,2,3,3,2,354
4.07,-14,-2,0,9,-7,4,34,163,-14,-1,2,3,3,2,354
4.07,-14,-2,0,9,-3,-4,-31,232,-10,0,2,3,3,2,354
4.07,-14,-2,0,9,13,4,-57,61,-14,-1,2,3,3,2,354
4.07,-14,-2,0,9,14,0,-83,10,-14,3,3,3,3,2,354
4.07,-14,-2,0,9,0,-4,-43,46,-10,1,3,3,3,2,354
4.07,-14,-2,0,9,20,0,-57,183,-14,-4,3,3,3,2,355
4.07,-14,-2,0,9,8,-4,-51,244,-9,0,2,3,3,2,355
4.07,-14,-2,0,9,12,8,-59,121,-18,0,3,3,3,2,355
4.07,-14,-2,0,9,11,1,-37,23,-13,-4,3,3,3,2,355
4.07,-14,-2,0,9,18,0,-79,27,-14,-1,2,3,3,2,355
4.07,-14,-2,0,9,10,1,-67,68,-13,1,2,3,3,2,355
4.07,-14,-2,0,9,3,4,-37,350,-14,0,2,3,3,2,355
4.07,-14,-2,0,9,14,2,-74,245,-14,0,3,3,3,2,355
4.07,-14,-2,0,9,2,1,-36,182,-13,0,2,3,3,2,355
4.07,-14,-2,0,9,15,6,-81,81,-14,0,2,3,3,2,355
4.07,-14,-2,0,9,5,0,-36,38,-13,0,3,3,3,2,355
4.07,-14,-1,0,9,16,1,-54,257,-13,-2,3,3,3,2,355
4.07,-14,-2,0,9,8,0,-48,146,-14,-1,2,3,3,2,356
4.07,-14,-2,0,9,16,-1,-66,43,-12,-2,2,3,3,2,356
4.07,-14,-2,0,9,6,-1,-50,24,-13,0,0,3,3,1,356
4.07,-14,-2,0,9,7,0,-36,211,-14,-1,2,3,3,1,356
4.07,-13,-1,0,9,17,-3,-57,44,-13,-4,3,3,3,1,356
4.07,-13,-2,0,9,11,-2,-41,305,-12,-1,2,3,3,1,356
4.07,-13,-2,0,9,7,-2,-35,163,-11,-2,2,3,3,1,356
4.07,-13,-1,0,9,2,0,-5,275,-13,-2,1,3,3,1,356
4.07,-13,-2,0,9,-4,2,11,323,-12,-3,3,3,3,1,356
4.07,-13,-2,0,9,1,-4,-13,288,-10,-2,0,3,3,1,356
4.07,-13,-1,0,9,3,0,2,329,-14,-3,0,3,3,1,356
4.07,-13,-2,0,9,5,-3,-51,70,-11,0,2,3,3,1,356
4.07,-13,-1,0,9,-4,-6,4,87,-10,0,0,3,3,1,357
4.07,-13,-2,0,9,-19,0,101,70,-11,-6,2,3,3,1,357
4.07,-13,-1,0,9,-4,-6,28,298,-8,-2,1,3,3,1,357
4.07,-13,-2,0,9,-11,0,77,83,-9,-3,2,3,3,1,357
4.08,-13,-2,0,9,-24,-2,83,350,-8,0,1,3,3,1,357
4.08,-13,-2,0,9,-1,-3,15,119,-11,-1,1,3,3,1,357
4.08,-13,-2,0,9,-10,2,80,309,-12,-7,0,3,3,1,357
4.08,-13,-2,0,9,-14,-3,84,214,-8,-2,1,3,3,2,357
4.08,-13,-2,0,9,-8,0,20,306,-10,0,1,3,3,2,357
4.08,-13,-1,0,9,0,9,31,143,-15,-6,2,3,3,2,357
4.08,-13,-2,0,9,-4,-4,0,327,-10,-1,2,3,3,2,357
4.08,-13,-2,0,9,-24,3,100,216,-8,-3,0,3,3,2,357
4.08,-13,-2,0,9,-20,4,90,118,-11,3,0,3,3,2,358
4.08,-13,-2,0,9,-16,-5,33,134,-9,0,3,3,3,2,358
4.08,-13,-2,0,8,-4,8,16,353,-14,-1,3,3,3,2,358
4.08,-13,-2,0,9,-2,2,2,38,-11,-3,3,3,3,2,358
4.08,-13,-1,0,9,-6,2,21,49,-12,-3,0,3,3,2,358
4.08,-13,-2,0,9,0,-4,-9,323,-9,-1,1,3,3,2,358
4.08,-13,-2,0,9,-3,5,62,69,-12,-6,1,3,3,2,358
4.08,-13,-2,0,9,-15,2,88,102,-9,-2,1,3,3,2,358
4.08,-13,-2,0,9,-19,3,62,98,-11,0,2,3,3,2,358
4.08,-12,-1,0,8,-13,-2,61,180,-7,-2,3,3,3,2,358
4.08,-12,-2,0,9,-8,-3,48,167,-8,-3,2,3,3,2,358
4.08,-12,-2,0,9,-4,4,43,287,-13,-3,1,3,3,2,358
4.08,-12,-2,0,9,-5,0,15,81,-12,-4,3,3,3,2,359
4.08,-12,-2,0,9,-4,-1,24,354,-9,-3,3,3,3,2,359
4.08,-12,-1,0,8,-3,5,13,163,-15,-1,0,3,3,2,359
4.08,-12,-2,0,9,-7,8,21,149,-14,-2,3,3,3,2,359
4.08,-12,-2,0,9,-16,4,60,193,-11,-3,0,3,3,2,359
4.08,-12,-2,0,9,-2,-1,-8,38,-13,0,1,3,3,2,359
4.08,-12,-2,0,9,-5,5,14,6,-15,-2,3,3,3,2,359
4.08,-12,-2,0,9,-2,4,4,11,-12,-2,2,3,3,2,359
4.08,-12,-1,0,9,0,2,-29,211,-14,0,2,3,3,2,359
4.08,-12,-2,0,9,0,-8,-38,294,-9,0,2,3,3,2,359
4.08,-12,-2,0,9,0,0,6,346,-13,-3,2,3,3,2,359
4.08,-12,-2,0,9,-2,0,-32,67,-12,1,3,3,3,2,359
4.09,-12,-2,0,9,7,-2,-21,185,-12,-4,2,3,3,2,360
4.08,-12,-2,0,9,24,1,-81,92,-15,-6,3,3,3,2,360
4.08,-12,-2,0,9,21,6,-91,112,-16,0,0,3,3,2,360
4.08,-12,-2,0,9,2,1,-50,105,-12,1,1,3,3,2,360
4.09,-12,-2,0,9,6,3,-36,341,-15,-1,2,3,3,2,360
4.09,-12,-2,0,9,11,2,-74,289,-13,1,2,3,3,2,360
4.09,-12,-2,0,9,2,0,-38,264,-12,0,3,3,3,2,360
4.09,-12,-1,0,9,6,1,-25,54,-14,-1,0,3,3,2,360
4.09,-11,-2,0,9,13,4,-87,67,-16,3,3,3,3,2,360
4.09,-11,-2,0,9,8,-2,-58,59,-11,0,1,3,3,2,360
4.09,-11,-2,0,9,7,6,-35,213,-16,-1,3,3,3,2,360
4.09,-11,-2,0,9,15,2,-77,176,-13,0,0,3,3,1,361
4.09,-11,-2,0,9,0,1,-21,113,-12,0,2,3,3,1,361
