4.07,19,0,0,9,0,0,0,83,-1,3,3,3,3,3,280
4.07,19,0,1,10,-16,0,-16,89,1,-8,3,3,3,3,280
4.07,19,0,1,9,1,7,28,183,0,-8,3,3,3,3,280
4.07,19,0,1,9,-34,6,-24,194,-5,-4,3,3,3,3,280
4.07,19,0,-1,9,32,1,-36,200,-1,4,3,3,3,3,280
4.07,19,0,0,10,0,5,14,199,0,1,3,3,3,3,280
4.07,19,-1,0,10,5,18,75,179,-10,0,3,3,3,3,280
4.07,19,-1,1,11,-10,7,7,175,-10,-4,3,3,3,3,280
4.07,19,0,1,12,4,15,-10,193,-2,-6,3,3,3,3,280
4.07,19,-1,3,10,-13,19,5,224,-5,-15,3,3,3,3,280
4.07,19,0,2,8,7,11,39,233,-2,-6,3,3,3,3,280
4.07,19,0,3,12,38,9,0,232,0,-15,3,3,3,3,281
4.07,20,0,0,10,28,35,7,236,1,-1,3,3,3,3,281
4.07,20,0,0,8,0,-13,23,219,4,-8,3,3,3,3,281
4.07,20,-1,1,11,-24,8,-61,241,-3,-11,3,3,3,3,281
4.07,20,-4,7,7,18,11,-1,244,-16,-45,3,3,3,3,281
4.07,20,-2,4,11,6,-16,-21,241,-7,-25,3,3,3,3,281
4.07,20,-1,0,9,-42,-17,24,250,-8,0,3,3,3,3,281
4.07,20,0,0,6,-14,-55,-16,254,-4,2,3,3,3,3,281
4.07,20,0,0,10,7,48,26,224,-5,0,3,3,3,3,281
4.07,20,-2,-2,8,-64,-33,-46,248,-19,-4,3,3,3,3,281
4.07,20,-4,4,7,-15,5,86,228,-29,-28,3,3,3,3,281
4.07,20,0,3,11,3,10,-18,237,-5,-15,3,3,3,3,281
4.07,20,-1,3,10,16,-33,-56,242,-1,-16,3,3,3,3,282
4.07,20,-1,4,7,16,-9,36,272,-2,-32,3,3,3,3,282
4.07,20,-2,8,4,-11,-20,6,290,-14,-59,3,3,3,3,282
4.07,20,-3,8,1,12,19,-18,274,-28,-77,3,3,3,3,282
4.07,20,-3,8,0,2,-10,2,280,-22,-86,3,3,3,3,282
4.07,20,-2,8,0,5,6,-4,279,-15,-86,3,3,3,3,282
4.07,20,0,0,11,18,20,242,209,-4,-4,2,3,3,3,282
4.07,20,0,0,11,1,0,74,177,19,1,3,3,3,3,282
4.07,20,0,1,10,-10,14,75,111,-5,0,0,3,3,3,282
4.07,20,0,0,9,-15,18,99,257,-2,13,2,3,3,3,282
4.07,20,0,0,9,8,7,71,231,14,-17,3,3,3,3,282
4.07,20,0,0,10,4,-3,52,176,1,-2,1,3,3,3,282
4.07,20,-1,1,10,-5,-9,-63,286,1,-3,0,3,3,3,283
4.07,20,0,1,9,-11,6,72,71,-1,-2,2,3,3,3,283
4.07,20,0,1,10,2,27,115,44,-6,-8,0,3,3,3,283
4.07,20,0,1,9,-10,-13,-81,235,-4,0,1,3,3,3,283
4.07,20,0,1,10,-8,14,25,305,-4,-3,2,3,3,3,283
4.07,20,0,0,9,-5,0,18,89,-6,-6,2,3,3,3,283
4.07,20,0,1,10,-12,0,64,237,2,-3,1,3,3,2,283
4.07,20,0,1,10,-11,9,37,325,-2,-1,3,3,3,2,283
4.07,20,0,0,9,-5,-4,36,156,-1,-2,2,3,3,2,283
4.07,20,0,0,9,-1,0,-139,161,-2,-10,3,3,3,2,283
4.07,20,0,0,10,5,20,72,211,-5,-8,2,3,3,2,283
4.07,20,0,0,10,0,6,12,62,-14,-6,2,3,3,2,283
4.07,20,0,0,9,0,0,-99,117,0,-7,3,3,3,2,284
4.07,20,0,1,9,-18,11,174,357,-2,-1,1,3,3,2,284
4.07,20,0,1,9,-7,12,164,179,-1,-1,2,3,3,2,284
4.07,20,0,0,9,1,23,77,282,-4,-3,3,3,3,2,284
4.07,20,0,0,9,-3,-2,97,247,1,-3,0,3,3,2,284
4.07,20,0,1,9,-4,7,136,294,-10,-3,0,3,3,2,284
4.07,20,0,0,9,-5,-11,-44,51,-1,-2,3,3,3,2,284
4.07,20,0,0,9,-5,-10,-65,241,0,-4,2,3,3,2,284
4.07,20,0,0,9,0,-7,-41,255,-2,0,2,3,3,2,284
4.07,20,0,0,9,6,-5,36,75,3,-8,2,3,3,2,284
4.07,20,-1,1,10,-14,1,107,179,0,0,1,3,3,2,284
4.07,20,0,1,9,-11,1,127,309,1,-1,2,3,3,2,284
4.07,20,0,1,10,-8,-12,-36,33,1,-3,2,3,3,2,285
4.07,20,0,0,9,5,-4,-51,17,-5,-19,3,3,3,2,285
4.07,20,0,0,9,6,2,74,307,4,-1,0,3,3,2,285
4.07,20,0,0,10,7,-7,-6,60,5,-3,2,3,3,2,285
4.07,20,0,0,9,-6,5,87,70,-9,-7,1,3,3,2,285
4.07,20,0,1,9,-7,-7,80,254,2,0,2,3,3,2,285
4.07,20,0,0,10,-3,3,-46,253,-2,-5,2,3,3,2,285
4.07,20,0,0,10,-1,-10,-81,190,3,4,2,3,3,2,285
4.07,20,0,0,9,-8,5,-96,259,-8,5,3,3,3,2,285
4.07,20,0,1,9,6,-12,-29,47,-3,-7,2,3,3,2,285
4.07,20,0,1,9,-10,-2,27,149,0,-3,2,3,3,2,285
4.07,20,-1,1,9,9,-15,-259,241,-12,-10,0,3,3,2,285
4.07,20,-1,1,9,13,-16,-231,31,-11,-11,0,3,3,2,286
4.07,20,0,0,9,-1,6,32,239,0,-6,2,3,3,2,286
4.07,20,0,1,10,0,7,62,232,-3,-4,3,3,3,2,286
4.07,20,-1,1,9,-4,-12,-112,295,0,-6,0,3,3,2,286
4.07,20,-1,0,9,8,-19,-158,300,-9,-11,3,3,3,2,286
4.07,20,0,1,9,-12,3,41,308,-2,-3,2,3,3,2,286
4.07,20,0,1,9,-1,-6,-68,260,0,-5,1,3,3,2,286
4.07,20,0,0,10,8,-5,58,315,2,-8,0,3,3,2,286
4.07,20,0,0,9,-7,0,26,15,0,-1,3,3,3,2,286
4.07,20,0,1,9,-9,0,112,51,-1,-1,2,3,3,2,286
4.07,20,0,0,9,-2,-10,0,220,0,-2,0,3,3,2,286
4.07,20,0,1,9,-3,-3,24,308,-3,-2,1,3,3,2,286
4.07,20,0,0,10,1,-5,29,195,1,-3,2,3,3,2,287
4.07,20,0,0,9,-2,-2,-30,220,-9,-3,3,3,3,2,287
4.07,20,0,0,9,12,9,35,178,3,-3,1,3,3,2,287
4.07,20,0,1,9,-10,21,216,148,-9,0,0,3,3,2,287
4.07,20,0,1,9,1,3,6,187,-2,-7,2,3,3,2,287
4.07,20,0,1,9,-6,5,77,62,-3,-4,1,3,3,2,287
4.07,20,0,0,9,3,-2,52,128,0,-6,2,3,3,2,287
4.07,20,0,1,10,-6,13,42,106,-4,-3,0,3,3,2,287
4.07,20,0,0,9,0,2,-44,146,-3,-6,3,3,3,2,287
4.07,20,0,0,9,-1,9,45,347,-2,-6,3,3,3,2,287
4.07,20,0,1,9,-6,9,41,152,-3,-5,2,3,3,2,287
4.07,20,0,0,9,0,7,54,224,-2,-7,2,3,3,2,287
4.07,20,0,0,9,0,7,38,77,-3,-6,0,3,3,2,288
4.07,20,0,0,9,0,13,57,194,-3,-5,2,3,3,2,288
4.07,20,0,0,9,-1,10,58,20,-3,-5,2,3,3,2,288
4.07,20,0,0,9,3,8,-8,127,-2,-6,3,3,3,2,288
4.07,20,0,0,10,-3,12,44,310,-3,-5,3,3,3,2,288
4.07,20,0,0,9,0,7,12,129,-2,-4,1,3,3,2,288
4.07,20,0,0,9,0,10,109,175,1,-10,1,3,3,2,288
4.07,20,0,1,10,-4,5,33,112,-2,-3,0,3,3,2,288
4.07,20,0,0,9,2,1,75,98,1,-8,2,3,3,2,288
4.07,20,0,1,9,-4,3,38,89,-3,-3,2,3,3,2,288
4.07,19,0,0,9,2,4,-11,106,-1,-6,2,3,3,2,288
4.07,19,0,1,9,-9,13,68,328,-4,-4,3,3,3,2,288
4.07,19,0,0,10,1,4,-22,79,-3,-7,0,3,3,2,289
4.07,19,0,0,9,2,9,78,192,-1,-9,2,3,3,2,289
4.07,19,0,1,9,-6,2,11,122,-3,-5,1,3,3,2,289
4.07,19,0,0,9,5,11,32,165,-4,-8,1,3,3,2,289
4.07,19,0,1,9,-3,16,106,353,-7,-7,3,3,3,2,289
4.07,19,0,1,9,6,9,-32,144,-4,-8,1,3,3,2,289
4.07,19,0,0,9,-1,12,37,225,-3,-9,1,3,3,2,289
4.07,19,0,0,10,3,2,-48,41,-2,-6,0,3,3,2,289
4.07,19,0,1,9,-3,15,76,263,-4,-5,2,3,3,2,289
4.07,19,0,0,9,-4,4,-33,42,-3,-6,0,3,3,2,289
4.07,19,0,0,9,0,10,83,118,-3,-8,1,3,3,2,289
4.07,19,0,0,9,-6,4,-35,43,-3,-3,3,3,3,2,289
4.07,19,0,0,10,-2,10,87,99,-3,-9,3,3,3,2,290
4.07,19,0,0,10,-2,9,27,291,-3,-5,3,3,3,2,290
4.07,19,0,0,9,2,0,-11,82,-2,-6,2,3,3,2,290
4.07,19,0,0,9,0,9,86,229,-1,-6,2,3,3,2,290
4.07,19,0,1,10,-7,8,0,121,-5,-3,0,3,3,2,290
4.07,19,0,1,9,-10,6,35,4,-2,-3,3,3,3,2,290
4.07,19,0,1,9,0,4,70,102,-6,-7,3,3,3,2,290
4.07,19,0,0,9,2,1,0,104,0,-4,1,3,3,2,290
4.07,19,0,0,9,-3,0,64,241,0,-2,0,3,3,2,290
4.07,18,0,1,9,-7,4,74,253,-3,-3,2,3,3,2,290
4.07,18,0,0,10,1,8,104,280,0,-9,3,3,3,2,290
4.07,19,0,0,9,0,-3,-29,69,0,-3,3,3,3,2,290
4.07,18,0,1,9,0,7,4,235,-4,-3,0,3,3,2,291
4.07,18,0,1,9,-8,2,-31,248,-5,-4,2,3,3,2,291
4.07,18,0,0,9,4,7,74,300,0,-7,1,3,3,2,291
4.07,18,0,1,10,-8,0,45,214,-3,-3,3,3,3,2,291
4.07,18,0,1,9,-2,9,164,330,0,-1,1,3,3,2,291
4.07,18,0,1,9,-7,15,100,279,-3,-3,3,3,3,2,291
4.07,18,0,0,10,8,-1,-62,71,-3,-7,2,3,3,2,291
4.07,18,0,0,10,-4,0,-29,81,-1,-3,3,3,3,2,291
4.07,18,0,0,9,-1,1,30,188,0,-4,3,3,3,2,291
4.07,18,0,0,9,-7,10,86,30,-4,-5,2,3,3,2,291
4.07,18,0,0,10,5,3,51,94,-1,-6,2,3,3,2,291
4.07,18,0,1,9,-6,5,39,22,-3,-3,2,3,3,2,291
4.07,18,0,0,9,-4,11,25,10,-5,-6,2,3,3,2,292
4.07,18,0,0,10,1,4,39,87,-1,-5,3,3,3,2,292
4.07,18,0,1,9,-4,0,-13,94,-1,-3,2,3,3,2,292
4.07,18,0,0,9,-2,15,107,143,-6,-8,2,3,3,2,292
4.07,17,0,0,9,-2,1,1,346,-2,-4,3,3,3,2,292
4.07,18,0,0,9,1,-6,-7,304,0,-4,2,3,3,2,292
4.07,17,0,0,9,2,3,-11,100,-1,-4,3,3,3,2,292
4.07,17,0,1,9,1,-4,28,291,0,-4,3,3,3,2,292
4.07,17,0,1,9,-8,13,176,24,-6,-3,2,3,3,2,292
4.07,17,0,0,9,0,0,9,65,0,-4,3,3,3,2,292
4.07,17,0,1,9,-5,0,6,63,-1,-4,1,3,3,2,292
4.07,17,0,1,9,2,9,5,169,-3,-6,1,3,3,2,293
4.07,17,0,0,9,0,5,109,267,0,-14,0,3,3,2,293
4.07,17,0,1,9,0,17,150,174,-6,-10,3,3,3,2,293
4.07,17,0,0,9,-1,0,6,357,-2,-5,3,3,3,2,293
4.07,17,0,0,9,1,-7,-20,338,0,-4,2,3,3,2,293
4.07,17,0,0,9,1,-4,-3,166,1,-3,3,3,3,2,293
4.07,17,0,0,9,-2,2,100,209,0,-5,3,3,3,2,293
4.07,17,0,0,9,-2,8,36,22,-2,-5,0,3,3,2,293
4.07,16,0,0,9,-6,12,40,206,-3,-4,2,3,3,2,293
4.07,16,0,0,9,4,5,32,339,-1,-7,1,3,3,2,293
4.07,16,0,0,9,-2,7,94,193,-3,-6,3,3,3,2,293
4.07,16,0,0,9,2,10,-9,23,-3,-7,1,3,3,2,293
4.07,16,0,0,9,0,8,60,143,-3,-7,2,3,3,2,294
4.07,16,0,0,9,-5,8,75,25,-3,-4,3,3,3,2,294
4.07,16,0,0,9,0,11,108,80,-2,-8,3,3,3,2,294
4.07,16,0,0,9,1,-1,-31,334,-1,-6,2,3,3,2,294
4.07,16,0,0,9,-1,6,45,205,-2,-5,1,3,3,2,294
4.07,16,0,0,10,2,8,20,16,-3,-5,2,3,3,2,294
4.07,16,0,0,9,0,-1,-38,148,0,-6,2,3,3,2,294
4.07,16,0,0,9,-4,5,91,117,-1,-3,0,3,3,2,294
4.07,16,0,0,9,-1,6,74,149,-3,-4,3,3,3,2,294
4.07,15,0,1,10,-17,10,61,210,-2,-2,3,3,3,2,294
4.07,15,0,1,9,-5,10,95,105,-1,-4,2,3,3,2,294
4.07,15,0,0,9,-4,4,50,155,-2,-8,3,3,3,2,294
4.07,15,0,1,9,-2,9,46,30,-3,-5,2,3,3,2,295
4.07,15,0,0,9,-3,5,73,83,-2,-7,2,3,3,2,295
4.07,15,0,1,9,1,3,-56,48,-2,-5,0,3,3,2,295
4.07,15,0,0,9,2,-1,-13,43,0,-7,3,3,3,2,295
4.07,15,0,0,9,-2,-2,-3,300,0,-2,3,3,3,2,295
4.07,15,0,1,10,-9,0,-33,52,-2,-3,3,3,3,2,295
4.07,15,0,0,10,3,1,-12,119,-2,-6,3,3,3,2,295
4.07,15,0,0,9,-2,-1,46,320,0,-7,2,3,3,2,295
4.07,15,0,0,9,-6,1,43,194,-1,-5,3,3,3,2,295
4.07,15,0,1,9,0,-1,-17,52,0,-5,1,3,3,2,295
4.07,14,0,0,9,-3,6,65,280,-4,-5,1,3,3,2,295
4.07,14,0,1,9,-3,8,31,66,-5,-5,2,3,3,2,295
4.07,14,0,0,9,0,0,0,339,0,-4,1,3,3,2,296
4.07,14,0,1,9,-8,8,78,283,-1,-1,2,3,3,2,296
4.07,14,0,0,9,1,11,62,37,-4,-7,1,3,3,2,296
4.07,14,0,0,9,3,-3,29,207,-1,-3,3,3,3,2,296
4.07,14,0,1,9,-2,0,26,245,-1,-2,2,3,3,2,296
4.07,14,0,0,9,-1,9,46,326,-1,-9,3,3,3,2,296
4.07,14,0,1,10,1,11,22,110,-7,-6,0,3,3,2,296
4.07,14,0,0,9,-4,9,56,199,-5,-9,1,3,3,2,296
4.07,13,0,0,9,-9,8,109,23,-5,-2,2,3,3,2,296
4.07,13,0,0,9,-2,7,70,48,-4,-6,2,3,3,2,296
4.07,13,0,0,10,9,-8,-59,2,0,-7,3,3,3,2,296
4.07,13,0,0,9,4,-7,-58,325,-1,-7,1,3,3,2,296
4.07,13,0,0,10,-4,-8,-15,127,0,-3,3,3,3,2,297
4.07,13,0,0,9,0,5,-5,240,-3,-5,3,3,3,2,297
4.07,13,0,1,9,0,7,86,5,-3,-7,1,3,3,2,297
4.07,13,0,1,9,0,7,64,213,-2,-8,1,3,3,2,297
4.07,13,0,0,9,-7,2,70,54,-4,-4,2,3,3,2,297
4.07,13,0,0,9,4,5,-23,330,-2,-6,3,3,3,2,297
4.07,13,0,0,9,-3,10,86,138,-5,-4,3,3,3,2,297
4.07,13,0,0,9,-4,5,31,180,-3,-6,2,3,3,2,297
4.07,12,0,0,9,0,18,96,225,-6,-8,2,3,3,2,297
4.07,12,0,0,9,-2,3,72,29,-2,-2,3,3,3,2,297
4.07,12,0,1,9,-5,-1,-53,10,-4,-4,3,3,3,2,297
4.07,12,0,0,9,3,-3,10,6,2,-3,2,3,3,2,297
4.07,12,0,0,10,0,0,82,86,-1,-2,3,3,3,2,298
4.07,12,0,0,9,-5,0,68,191,-2,1,3,3,3,2,298
4.07,12,0,0,9,0,14,-40,105,-4,-11,3,3,3,2,298
4.07,12,0,0,9,-2,4,73,265,-5,-6,3,3,3,2,298
4.07,12,0,0,9,0,-7,-33,86,0,-5,3,3,3,2,298
4.07,12,0,1,9,1,-12,-100,51,0,-4,2,3,3,2,298
4.07,12,0,1,9,0,-11,-75,4,-2,-5,2,3,3,2,298
4.07,11,0,1,9,-5,-7,-11,247,0,-3,2,3,3,2,298
4.07,11,0,0,9,2,0,-9,287,-1,-5,2,3,3,2,298
4.07,11,0,0,9,3,2,50,194,-3,-7,2,3,3,2,298
4.07,11,-1,0,9,-9,21,170,46,11,-9,3,3,3,2,298
4.07,11,0,1,10,-25,-4,195,358,1,0,1,3,3,2,298
4.07,11,-1,1,9,-9,8,122,242,9,-12,3,3,3,2,299
4.07,11,0,0,9,-6,10,71,88,-6,-4,3,3,3,2,299
4.07,11,0,1,9,6,-14,-132,350,0,-7,2,3,3,2,299
4.07,11,0,0,10,10,-17,-96,351,1,-11,0,3,3,2,299
4.07,10,0,0,8,2,-4,-100,137,4,0,2,3,3,2,299
4.07,10,0,1,9,6,-16,-81,266,-4,-4,0,3,3,2,299
4.07,10,0,0,10,-10,-4,3,343,2,0,1,3,3,2,299
4.07,10,0,1,9,-7,5,69,293,0,-3,1,3,3,2,299
4.07,10,0,1,9,-6,2,34,103,-3,-4,2,3,3,2,299
4.07,10,0,0,9,3,0,10,236,-3,-2,2,3,3,2,299
4.07,10,0,0,10,6,-5,-69,1,0,-7,2,3,3,2,299
4.07,10,0,1,9,1,-3,-18,334,-1,-4,2,3,3,2,299
4.07,10,0,0,9,-1,-3,-23,118,0,-3,3,3,3,2,300
4.07,9,0,0,9,0,-2,-29,5,0,-3,2,3,3,2,300
4.07,9,0,0,10,2,0,-18,63,-1,0,2,3,3,2,300
4.07,9,0,0,9,-3,0,2,33,0,-3,2,3,3,2,300
4.07,9,0,0,9,9,-9,-72,168,0,-6,3,3,3,2,300
4.07,9,0,0,9,-4,-1,-31,7,-1,-4,3,3,3,2,300
4.07,9,0,0,9,0,-2,-34,326,0,-4,3,3,3,2,300
4.07,9,0,0,9,7,2,-48,102,-3,-5,0,3,3,2,300
4.07,9,0,0,9,1,-7,-34,144,0,-5,3,3,3,2,300
4.07,8,0,1,9,2,0,-74,37,-4,-5,3,3,3,2,300
4.07,8,0,1,10,-5,-1,11,166,-1,-2,3,3,3,2,300
4.07,8,0,0,9,-6,5,40,223,-1,-3,2,3,3,2,300
4.07,8,0,0,10,8,-2,8,236,-2,-6,1,3,3,2,301
4.07,8,0,0,9,3,-7,-56,39,0,-5,0,3,3,2,301
4.07,8,0,0,9,3,-14,-75,165,1,-5,2,3,3,2,301
4.07,8,0,0,9,-5,-1,29,34,1,-4,1,3,3,2,301
4.07,8,0,0,9,-10,-1,25,0,-1,-5,3,3,3,2,301
4.07,8,0,0,10,-5,-3,9,9,0,-3,3,3,3,2,301
4.07,8,0,0,10,0,-2,-35,220,0,-2,3,3,3,2,301
4.07,7,0,1,9,-1,-2,-78,168,-1,-2,0,3,3,2,301
4.07,7,0,1,10,-19,6,39,55,-5,-1,2,3,3,2,301
4.07,7,0,1,9,3,7,70,239,-3,-4,3,3,3,2,301
4.07,7,0,0,9,-5,7,22,309,-3,-4,3,3,3,2,301
4.07,7,0,0,9,1,6,63,49,-4,-5,3,3,3,2,301
4.07,7,0,0,9,-2,-5,3,306,-1,-5,0,3,3,2,302
4.07,7,0,0,9,4,-3,-65,276,-3,-4,2,3,3,2,302
4.07,7,0,0,9,-1,-4,-69,253,-3,-1,3,3,3,2,302
4.07,7,0,0,8,0,-6,-109,272,-2,-7,2,3,3,2,302
4.07,6,0,0,9,-1,0,-10,151,0,-2,1,3,3,2,302
4.07,6,0,0,10,-5,0,42,177,1,-3,3,3,3,2,302
4.07,6,0,1,9,-8,0,-25,70,0,-5,1,3,3,2,302
4.07,6,0,0,9,-4,2,56,209,-6,0,3,3,3,2,302
4.07,6,0,0,9,0,-1,-20,304,1,-6,3,3,3,2,302
4.07,6,0,0,9,-7,1,46,230,0,-1,3,3,3,2,302
4.07,6,0,0,9,0,2,59,301,0,-5,2,3,3,2,302
4.06,5,0,0,10,2,4,-25,297,-3,-4,3,3,3,2,302
4.07,5,0,1,9,-6,2,38,327,-1,-1,3,3,3,2,303
4.07,5,0,1,8,-3,-6,-43,34,-3,-3,3,3,3,2,303
4.07,5,0,1,10,-2,7,81,32,-9,-9,2,3,3,2,303
4.07,5,0,0,9,-3,12,106,192,-6,-9,3,3,3,2,303
4.07,5,0,0,9,0,1,39,231,0,-3,2,3,3,2,303
4.07,5,0,1,10,-4,0,7,154,-4,-4,2,3,3,2,303
4.07,5,0,0,9,4,-3,-31,186,-2,-5,2,3,3,2,303
4.07,4,0,0,9,0,-6,-89,45,-2,-5,2,3,3,2,303
4.07,5,0,0,9,-1,-9,-45,333,0,-3,1,3,3,2,303
4.07,4,0,0,9,2,-15,-45,331,1,-9,1,3,3,2,303
4.07,4,0,0,9,6,-14,-34,218,1,-5,1,3,3,2,303
4.07,4,-1,1,10,1,0,26,182,-1,-5,2,3,3,2,303
4.06,4,0,1,9,-3,1,-6,160,-3,-3,2,3,3,2,304
4.07,4,0,0,9,-11,-7,-6,300,3,-1,3,3,3,2,304
4.07,4,0,0,9,8,8,70,50,-2,-2,2,3,3,2,304
4.06,4,0,0,9,-2,0,-23,24,-1,-5,2,3,3,2,304
4.06,3,0,0,10,-3,-7,-17,165,1,-4,3,3,3,2,304
4.07,3,0,1,9,2,-10,-58,142,0,-6,3,3,3,2,304
4.07,3,0,0,9,0,-1,-7,107,-3,-3,1,3,3,2,304
4.06,3,0,0,9,1,5,22,195,-2,-4,2,3,3,2,304
4.06,3,0,0,9,-3,-11,-58,307,0,-2,2,3,3,2,304
4.06,3,0,0,9,2,-6,-122,307,0,-6,2,3,3,2,304
4.06,2,0,0,9,-1,-11,-37,232,2,-4,1,3,3,2,304
4.06,2,0,1,9,3,-10,-2,255,0,-5,2,3,3,2,304
4.06,2,0,0,9,0,-6,-9,15,0,-1,0,3,3,2,305
4.06,2,0,1,9,-6,-5,15,30,0,-3,2,3,3,2,305
4.06,2,0,1,9,0,1,52,57,-2,-6,3,3,3,2,305
4.06,2,0,1,8,-2,15,150,187,2,2,2,3,3,2,305
4.06,2,0,1,9,6,14,110,352,-7,-15,1,3,3,2,305
4.06,2,0,1,10,-13,2,68,154,0,-1,0,3,3,2,305
4.06,1,0,0,9,8,-12,-144,109,-2,-14,2,3,3,2,305
4.06,1,0,0,9,12,-11,-62,73,-1,-7,1,3,3,2,305
4.06,1,0,0,9,1,-8,-86,74,-4,-4,2,3,3,2,305
4.06,1,0,0,9,-1,4,-45,74,-6,-4,2,3,3,2,305
4.06,1,0,0,9,-11,4,38,161,-2,-3,3,3,3,2,305
4.06,1,0,0,9,-5,5,35,316,-3,-1,2,3,3,2,305
4.06,1,0,0,9,5,6,-7,233,-5,-4,2,3,3,2,306
4.06,0,0,0,9,-1,-3,-8,324,1,-6,2,3,3,2,306
4.06,0,0,1,9,3,-2,-25,350,-1,-8,2,3,3,2,306
4.06,0,0,1,9,-10,12,130,139,-3,0,3,3,3,2,306
4.06,0,0,0,9,-4,16,95,40,-3,-6,1,3,3,2,306
4.06,-1,0,0,9,0,9,61,359,-1,-2,1,3,3,2,306
4.06,-1,0,0,9,0,-2,22,62,0,-5,3,3,3,2,306
4.06,-1,0,0,9,0,-4,-15,96,-2,-5,3,3,3,2,306
4.06,-1,0,0,9,2,-9,-38,293,1,-5,2,3,3,2,306
4.06,-1,0,1,9,-1,-8,-113,195,0,-4,2,3,3,2,306
4.06,-1,0,1,8,1,-14,-103,225,-2,-4,1,3,3,2,306
4.06,-1,0,0,9,-1,-3,-33,94,0,-2,3,3,3,2,307
4.06,-2,0,0,10,2,3,21,232,-2,-7,3,3,3,2,307
4.06,-2,0,1,9,-1,18,98,306,-4,-10,0,3,3,2,307
4.06,-2,0,0,9,2,3,105,128,1,-8,2,3,3,2,307
4.06,-2,0,1,9,-7,12,132,313,3,-7,3,3,3,2,307
4.06,-2,0,0,9,-3,-2,62,239,1,-1,1,3,3,2,307
4.06,-2,0,0,9,-4,1,33,158,-2,-3,3,3,3,2,307
4.06,-2,0,0,9,-9,0,22,217,-1,-1,3,3,3,2,307
4.06,-2,0,1,9,-6,3,27,170,-3,-4,2,3,3,2,307
4.06,-3,0,0,9,-1,14,109,162,-5,-6,2,3,3,2,307
4.06,-3,0,0,9,-1,9,45,149,-3,-6,3,3,3,2,307
4.06,-3,0,0,9,-5,8,41,245,-4,-4,3,3,3,2,307
4.06,-3,0,1,9,-5,13,58,212,-5,-8,2,3,3,2,308
4.06,-3,0,0,9,-8,2,39,340,-3,-3,3,3,3,2,308
4.05,-3,0,0,9,2,0,-66,226,-1,-6,0,3,3,2,308
4.06,-3,0,0,9,1,-17,-80,204,1,-5,0,3,3,2,308
4.06,-3,0,1,9,0,-2,-9,240,-2,-8,2,3,3,2,308
4.06,-3,0,0,9,3,-4,-68,67,1,-9,0,3,3,2,308
4.06,-4,0,1,10,0,-12,-18,2,4,-7,2,3,3,2,308
4.05,-4,0,1,10,-1,-18,-79,302,1,-3,1,3,3,2,308
4.06,-4,0,1,9,-1,-10,-103,239,0,-8,2,3,3,2,308
4.06,-4,0,0,10,-3,-2,1,45,-2,-2,2,3,3,2,308
4.06,-4,0,0,10,2,10,126,229,-1,-6,3,3,3,2,308
4.06,-4,0,0,9,-3,3,11,12,1,-5,1,3,3,2,308
4.05,-4,0,0,10,-5,7,66,243,-2,-2,3,3,3,2,309
4.06,-4,0,0,9,-2,0,60,293,-4,-4,3,3,3,2,309
4.06,-5,0,0,9,-5,12,77,290,-4,-3,3,3,3,2,309
4.06,-5,0,1,9,-4,13,62,345,-3,-4,3,3,3,2,309
4.06,-5,0,1,9,-2,-7,-96,35,0,-8,3,3,3,2,309
4.05,-5,0,1,9,8,-5,-91,82,-5,-8,3,3,3,2,309
4.06,-5,0,1,9,-5,-7,-36,305,0,-3,2,3,3,2,309
4.05,-5,0,1,9,0,-11,-71,20,-2,-4,3,3,3,2,309
4.05,-5,0,0,9,1,-4,-78,357,-7,-4,2,3,3,2,309
4.06,-5,0,0,8,-8,4,39,139,-2,0,1,3,3,2,309
4.05,-5,0,0,9,-8,3,45,161,-2,-1,2,3,3,2,309
4.05,-5,0,0,9,-8,7,70,247,-4,-2,1,3,3,2,309
4.05,-6,0,0,9,3,-3,-84,117,-3,-7,2,3,3,2,310
4.05,-6,0,0,9,8,-6,6,54,0,-5,1,3,3,2,310
4.05,-6,0,0,9,0,0,2,100,0,-2,1,3,3,2,310
4.06,-6,0,1,9,8,0,-74,350,-10,-9,3,3,3,2,310
4.05,-6,0,0,9,13,-7,-109,279,0,-6,2,3,3,2,310
4.05,-6,0,1,10,-1,4,35,193,-5,-3,0,3,3,2,310
4.05,-6,0,0,9,4,-13,-131,63,4,-6,1,3,3,2,310
4.05,-6,0,0,10,4,5,-21,133,-3,-5,3,3,3,2,310
4.05,-6,0,1,9,-2,-1,36,292,0,-8,0,3,3,2,310
4.05,-7,0,1,10,-3,-17,-85,259,3,-12,0,3,3,2,310
4.05,-7,0,1,9,-2,-27,-118,190,7,-7,3,3,3,2,310
4.05,-7,0,1,9,6,-7,-6,154,1,-7,3,3,3,2,310
4.05,-7,0,0,8,-6,-11,-66,56,2,-5,2,3,3,2,311
4.05,-7,0,1,8,3,-3,-102,349,-2,-5,3,3,3,2,311
4.05,-7,0,1,9,-5,4,73,266,0,-4,3,3,3,2,311
4.05,-7,0,1,9,-4,7,120,228,2,-10,2,3,3,2,311
4.05,-7,0,0,9,-6,8,86,70,0,0,3,3,3,2,311
4.05,-7,0,1,9,-6,8,89,55,0,-6,1,3,3,2,311
4.05,-7,0,0,9,0,1,33,111,0,-7,2,3,3,2,311
4.05,-8,0,0,9,-1,-7,-42,10,0,-6,2,3,3,2,311
4.05,-8,0,0,9,0,-1,-40,153,-1,-2,2,3,3,2,311
4.05,-8,0,0,9,0,-4,-46,46,-1,-3,3,3,3,2,311
4.05,-8,0,0,9,1,-3,-50,339,-1,-3,2,3,3,2,311
4.05,-8,0,0,9,1,-4,-65,239,-2,-4,3,3,3,2,311
4.05,-8,0,0,9,5,-10,-32,84,0,-5,3,3,3,2,312
4.05,-8,0,0,9,2,1,14,130,-1,-2,2,3,3,2,312
4.05,-8,0,0,10,-4,9,43,66,-5,-2,0,3,3,2,312
4.05,-8,0,1,9,-5,-18,-48,208,0,-7,3,3,3,2,312
4.05,-9,0,1,9,1,-21,-137,155,5,-9,1,3,3,2,312
4.05,-9,0,1,9,-5,-7,-48,62,2,-5,1,3,3,2,312
4.05,-9,0,0,10,-6,5,-119,212,-8,-4,2,3,3,2,312
4.05,-9,0,0,10,4,8,45,212,0,-6,2,3,3,2,312
4.05,-9,0,1,9,-3,21,136,27,-7,-9,1,3,3,2,312
4.05,-9,0,0,10,3,12,63,18,-4,-7,2,3,3,2,312
4.05,-9,0,0,9,0,19,108,118,-4,-6,2,3,3,2,312
4.05,-9,0,0,10,-5,11,47,233,-4,-6,2,3,3,2,312
4.05,-9,0,1,10,1,15,66,255,-7,-8,3,3,3,2,313
4.05,-9,0,1,9,-6,13,66,314,-5,-6,3,3,3,2,313
4.05,-9,0,0,9,-8,12,-18,75,-8,-4,2,3,3,2,313
4.05,-9,0,1,9,-9,6,-1,169,-3,-5,0,3,3,2,313
4.05,-10,0,1,9,3,-9,-83,200,-5,-10,1,3,3,2,313
4.05,-10,0,0,10,-5,-16,-13,53,2,-5,3,3,3,2,313
4.05,-10,0,1,9,2,-12,10,87,-2,-8,3,3,3,2,313
4.05,-10,0,1,9,3,-16,-117,291,2,-7,2,3,3,2,313
4.05,-10,0,0,9,1,-6,7,260,1,-5,3,3,3,2,313
4.05,-10,0,1,9,-3,-11,-64,222,0,-3,2,3,3,2,313
4.05,-10,0,0,10,1,-1,15,12,0,-3,3,3,3,2,313
4.05,-10,0,0,9,-8,2,7,6,-1,-1,3,3,3,2,313
4.05,-10,0,0,9,-4,5,78,33,-5,-6,3,3,3,2,314
4.05,-10,0,0,10,-3,12,85,44,-6,-6,2,3,3,2,314
4.05,-11,0,0,9,3,9,79,64,-1,-8,3,3,3,2,314
4.05,-11,0,0,9,-2,5,18,308,-4,-3,3,3,3,2,314
4.05,-11,0,1,9,-4,-6,-43,319,0,-4,3,3,3,2,314
4.05,-11,0,1,9,0,-14,-109,287,1,-8,0,3,3,2,314
4.05,-11,0,0,10,7,-5,-34,283,0,-7,1,3,3,2,314
4.05,-11,0,0,10,-5,5,-21,63,-3,-1,2,3,3,2,314
4.05,-11,0,0,9,6,1,-9,108,-2,-7,3,3,3,2,314
4.05,-11,0,1,9,-6,4,96,353,-3,-4,3,3,3,2,314
4.05,-11,0,0,9,0,8,73,295,0,-6,3,3,3,2,314
4.05,-11,0,0,9,1,6,20,82,-4,-5,3,3,3,2,314
4.05,-11,0,0,10,-1,0,-38,92,-1,-2,1,3,3,2,315
4.05,-11,0,0,9,5,0,-53,331,-4,-3,2,3,3,2,315
4.05,-11,0,0,10,4,-3,-113,234,-5,-4,3,3,3,2,315
4.05,-12,0,0,10,3,2,-77,124,-5,-3,3,3,3,2,315
4.05,-12,0,0,9,9,-5,-72,51,0,-6,0,3,3,2,315
4.05,-12,0,0,9,3,-1,-41,183,0,-7,0,3,3,2,315
4.05,-12,0,0,10,6,-16,-14,215,2,-6,2,3,3,2,315
4.05,-12,0,1,9,0,-14,-114,36,6,-8,0,3,3,2,315
4.05,-12,0,0,9,4,-14,-28,5,1,-7,3,3,3,2,315
4.05,-12,0,1,10,-5,0,-76,191,-1,-3,1,3,3,2,315
4.05,-12,0,0,8,0,5,37,314,-6,-6,2,3,3,2,315
4.05,-12,0,1,9,-3,7,90,241,0,-7,2,3,3,2,315
4.05,-12,0,0,9,0,20,149,321,-5,2,2,3,3,2,316
4.05,-12,0,1,9,1,0,102,115,3,-12,3,3,3,2,316
4.05,-12,0,0,9,2,3,-7,209,-2,-4,3,3,3,2,316
4.05,-13,0,0,10,3,0,-68,107,-10,-4,1,3,3,2,316
4.05,-13,0,1,9,5,-8,-113,334,-8,-2,0,3,3,2,316
4.05,-13,0,0,10,-9,-7,-9,150,2,0,2,3,3,2,316
4.05,-13,0,1,9,9,-17,-87,150,1,-11,3,3,3,2,316
4.05,-13,0,1,9,0,-6,-71,4,1,-6,1,3,3,2,316
4.05,-13,0,0,9,-1,-7,-59,287,-1,-5,2,3,3,2,316
4.05,-13,0,0,9,0,-3,-2,93,0,-5,2,3,3,2,316
4.05,-13,0,0,9,3,-2,7,341,0,-6,2,3,3,2,316
4.05,-13,0,1,9,-4,12,43,220,-4,-4,2,3,3,2,316
4.05,-13,0,1,10,1,12,130,184,4,-14,3,3,3,2,317
4.05,-13,0,0,9,-6,4,15,63,-3,-4,2,3,3,2,317
4.05,-13,0,1,9,4,10,45,45,-4,-8,1,3,3,2,317
4.05,-13,0,1,9,-9,8,44,160,-4,-5,0,3,3,2,317
4.05,-13,0,1,10,-3,17,71,164,-5,-9,2,3,3,2,317
4.05,-13,0,0,9,-7,13,55,313,-5,-2,3,3,3,2,317
4.05,-14,0,1,9,-4,-8,-25,2,-2,-6,1,3,3,2,317
4.05,-14,0,0,9,2,-11,-24,226,2,-3,2,3,3,2,317
4.05,-14,0,1,9,-8,-6,-79,166,-4,-1,0,3,3,2,317
4.05,-14,0,0,9,-7,7,92,234,-2,-1,2,3,3,2,317
4.05,-14,0,0,9,3,8,73,120,2,-10,3,3,3,2,317
4.05,-14,0,0,9,-10,10,33,272,-4,-5,1,3,3,2,317
4.05,-14,0,1,9,-8,17,115,22,-7,-7,1,3,3,2,318
4.05,-14,0,0,9,-3,4,26,18,-3,-7,3,3,3,2,318
4.05,-14,0,0,9,-8,11,80,140,-6,-4,1,3,3,2,318
4.05,-14,0,1,9,-3,9,21,154,-3,-6,3,3,3,2,318
4.05,-14,0,1,9,-8,10,81,292,-6,-3,2,3,3,2,318
4.05,-14,0,1,9,-10,12,36,326,-4,-4,3,3,3,2,318
4.05,-14,0,1,10,-1,18,81,22,-6,-8,1,3,3,2,318
4.05,-14,0,0,10,0,10,70,130,-4,-4,2,3,3,2,318
4.05,-14,0,0,9,-4,-13,-58,245,0,-3,2,3,3,2,318
4.05,-14,0,1,9,0,-10,-114,200,-4,-8,1,3,3,2,318
4.05,-14,0,0,9,8,-11,-39,105,1,-7,3,3,3,2,318
4.05,-15,0,0,9,1,7,-88,208,-3,-4,2,3,3,2,318
4.05,-15,0,1,10,-4,1,-49,107,-11,3,0,3,3,2,319
4.05,-15,0,1,10,-18,22,106,126,-9,2,0,3,3,2,319
4.05,-15,0,0,9,10,5,22,185,-5,-11,3,3,3,2,319
4.05,-15,0,0,11,-33,1,60,299,0,1,2,3,3,3,319
4.05,-15,-1,1,9,0,-4,-56,72,-8,-4,0,3,3,3,319
4.05,-15,0,0,9,-19,4,84,167,-4,5,3,3,3,3,319
4.05,-15,0,1,9,-6,1,114,285,-2,0,2,3,3,3,319
4.05,-15,0,1,9,5,1,60,162,0,-7,3,3,3,2,319
4.05,-15,0,0,10,0,10,0,246,-5,-6,2,3,3,2,319
4.05,-15,0,1,9,-3,-4,-36,330,0,-5,3,3,3,2,319
4.05,-15,0,0,9,4,-12,-104,276,1,-7,2,3,3,2,319
4.05,-15,0,0,10,6,-7,-40,281,0,-8,2,3,3,2,320
4.05,-15,0,0,9,-3,-6,17,227,0,-5,3,3,3,2,320
4.05,-15,0,1,9,7,-6,-105,130,0,-8,1,3,3,2,320
4.05,-15,0,1,9,-8,-13,-40,58,3,-5,2,3,3,2,320
4.05,-15,0,1,9,1,-10,-22,48,-3,-8,3,3,3,2,320
4.05,-16,0,0,10,1,-15,-39,307,2,-6,3,3,3,2,320
4.05,-16,0,0,9,-5,-9,-3,252,1,-6,2,3,3,2,320
4.05,-16,0,0,9,4,-2,-67,96,0,-5,0,3,3,2,320
4.05,-16,0,0,9,1,-8,-15,83,1,-4,3,3,3,2,320
4.05,-16,0,0,9,0,0,4,112,1,-4,2,3,3,2,320
4.05,-16,0,1,9,-7,2,33,49,-1,-5,3,3,3,2,320
4.05,-16,0,1,9,-1,13,74,44,-6,-6,1,3,3,2,320
4.05,-16,0,1,10,1,4,7,65,-2,-8,3,3,3,2,321
4.05,-16,0,0,10,-8,-6,7,218,0,-5,0,3,3,2,321
4.05,-16,0,0,9,8,1,-1,106,0,-9,3,3,3,2,321
4.05,-16,0,1,9,-6,0,68,30,-1,-1,2,3,3,2,321
4.05,-16,0,0,8,-7,0,15,352,-1,-3,2,3,3,2,321
4.04,-16,0,0,9,2,-1,-13,30,-3,-6,2,3,3,2,321
4.05,-16,0,1,10,0,3,-21,62,-5,-6,2,3,3,2,321
4.05,-16,0,0,9,-2,-6,-1,228,-1,-3,1,3,3,2,321
4.05,-17,0,0,9,-2,3,8,238,-4,-3,3,3,3,2,321
4.05,-16,0,1,10,-7,-10,8,24,0,-4,2,3,3,2,321
4.05,-17,0,0,8,0,-4,-84,219,1,-1,1,3,3,2,321
4.05,-17,0,0,9,13,-3,-55,330,-3,-10,0,3,3,2,321
4.05,-17,0,1,9,-5,-1,49,206,-3,-6,0,3,3,2,322
4.05,-17,0,1,9,0,19,112,166,-7,-13,2,3,3,2,322
4.05,-17,0,1,10,-12,7,73,299,-4,-3,3,3,3,2,322
4.05,-17,0,1,9,2,6,84,338,-4,-13,0,3,3,2,322
4.05,-17,0,0,10,5,18,108,304,-10,-11,3,3,3,2,322
4.05,-17,0,1,9,-8,3,0,82,0,-3,1,3,3,2,322
4.05,-17,0,0,9,8,-5,3,160,-3,-7,2,3,3,2,322
4.05,-17,0,0,8,1,-5,-28,84,-1,-5,2,3,3,2,322
4.05,-17,0,0,9,-1,-7,-28,284,0,-4,3,3,3,2,322
4.05,-17,0,0,9,-2,-5,-39,61,0,-3,3,3,3,2,322
4.05,-17,0,0,10,0,0,-27,176,-3,-4,3,3,3,2,322
4.05,-17,0,0,10,3,0,-25,232,-2,-7,2,3,3,2,322
4.05,-17,0,0,9,-3,5,37,186,-1,-1,2,3,3,2,323
4.05,-17,0,0,9,-2,4,-17,150,-4,-4,0,3,3,2,323
4.05,-17,0,0,9,-7,0,52,279,-2,-3,3,3,3,2,323
4.05,-17,0,0,9,2,2,14,120,0,-7,1,3,3,2,323
4.05,-18,0,1,9,-6,-2,6,54,1,-2,0,3,3,2,323
4.05,-18,0,0,9,-2,-5,-16,32,0,-3,2,3,3,2,323
4.05,-18,0,1,9,-1,1,24,98,-3,-4,3,3,3,2,323
4.04,-18,0,0,9,-6,2,7,128,-2,-1,2,3,3,2,323
4.05,-18,0,1,9,-9,-4,13,185,0,-5,2,3,3,2,323
4.05,-18,0,0,9,2,-4,-56,324,0,-1,0,3,3,2,323
4.04,-18,0,0,8,-7,1,58,321,-1,-1,3,3,3,2,323
4.04,-18,0,0,9,-4,4,51,36,-1,-2,3,3,3,2,323
4.04,-18,0,0,10,1,2,41,198,-2,-7,3,3,3,2,324
4.04,-18,0,0,9,-5,8,73,81,-3,-2,2,3,3,2,324
4.04,-18,0,0,9,-4,2,-10,283,-1,-4,2,3,3,2,324
4.04,-18,0,0,9,-3,-1,-6,207,-3,-5,1,3,3,2,324
4.04,-18,0,1,9,1,-5,-46,131,-1,-7,2,3,3,2,324
4.04,-18,0,1,10,3,0,-26,218,-5,-7,3,3,3,2,324
4.04,-18,0,0,9,1,0,-29,20,-3,-5,1,3,3,2,324
4.04,-18,0,1,9,-7,0,-29,90,0,-3,2,3,3,2,324
4.04,-18,0,1,10,-10,-6,18,234,-1,-2,1,3,3,2,324
4.04,-18,0,1,9,6,16,94,126,0,-9,2,3,3,2,324
4.04,-18,0,0,9,0,5,63,208,-3,-8,2,3,3,2,324
4.04,-18,0,0,9,-3,3,36,292,-2,-6,1,3,3,2,324
4.04,-18,0,0,9,-1,8,48,106,-3,-3,3,3,3,2,325
4.04,-18,0,0,9,0,-2,-22,164,-1,-6,3,3,3,2,325
4.04,-19,0,0,9,-5,0,-27,345,-4,-2,3,3,3,2,325
4.04,-18,0,1,10,0,-8,-91,345,0,-7,3,3,3,2,325
4.04,-19,0,0,10,1,-8,-28,318,1,-6,2,3,3,2,325
4.04,-19,0,1,9,-1,-12,-117,236,1,-6,0,3,3,2,325
4.04,-19,0,0,9,6,-8,-28,134,2,-6,2,3,3,2,325
4.04,-19,0,1,9,3,7,-36,258,-5,-7,2,3,3,2,325
4.04,-19,0,0,9,-3,1,60,4,-2,-9,2,3,3,2,325
4.04,-19,0,0,9,2,11,39,52,-6,-8,0,3,3,2,325
4.04,-19,0,1,9,-5,-6,-41,243,-2,-6,1,3,3,2,325
4.04,-19,0,1,10,-10,-4,27,109,0,-2,2,3,3,2,325
4.04,-19,0,0,9,-3,-3,15,348,1,-4,3,3,3,2,326
4.04,-19,0,0,8,3,1,-15,128,-4,-4,2,3,3,2,326
4.04,-19,0,1,10,8,-7,-115,53,-4,-8,3,3,3,2,326
4.04,-19,0,1,10,-4,-7,-5,287,1,-5,0,3,3,2,326
4.04,-19,0,1,9,-3,-3,-63,106,-1,-4,1,3,3,2,326
4.04,-19,0,0,9,3,3,-14,130,-1,-6,2,3,3,2,326
4.04,-19,0,1,9,0,-3,7,210,0,-6,2,3,3,2,326
4.04,-19,0,0,10,4,-13,-49,127,2,-4,3,3,3,2,326
4.04,-19,0,0,9,8,0,-2,202,-3,-5,3,3,3,2,326
4.04,-19,0,1,10,6,-3,-54,96,-5,-6,3,3,3,2,326
4.04,-19,0,0,9,3,-6,-17,85,-7,-5,0,3,3,2,326
4.04,-19,0,0,9,-3,0,-92,131,0,-2,2,3,3,2,326
4.04,-19,0,0,9,-3,-9,-47,147,0,-2,2,3,3,2,327
4.04,-19,0,1,10,3,-9,-75,227,-4,-9,3,3,3,2,327
4.04,-19,0,0,9,1,-2,-15,343,1,-4,2,3,3,2,327
4.04,-20,0,0,8,-10,0,100,311,1,-2,3,3,3,2,327
4.04,-20,0,0,9,2,14,125,107,3,1,3,3,3,2,327
4.04,-20,0,0,10,0,9,94,35,-7,-7,0,3,3,2,327
4.04,-20,0,0,10,-8,3,-29,75,-3,-1,3,3,3,2,327
4.04,-20,0,1,9,1,-11,-35,215,-1,-6,2,3,3,2,327
4.04,-20,0,0,9,-2,-9,-80,28,1,-4,0,3,3,2,327
4.04,-20,0,0,9,-2,-7,-63,283,0,-2,3,3,3,2,327
4.04,-20,0,1,9,4,-16,-76,11,0,-8,3,3,3,2,327
4.04,-20,0,1,10,-5,-14,-86,264,0,-3,1,3,3,2,327
4.04,-20,0,0,9,0,-11,-106,218,0,-7,2,3,3,2,328
4.04,-20,0,0,9,-6,-7,-1,83,1,-2,3,3,3,2,328
4.04,-20,0,0,9,4,-5,22,160,0,-4,1,3,3,2,328
4.04,-20,0,1,9,4,-7,15,27,0,-8,3,3,3,2,328
4.04,-20,0,0,9,11,-3,-43,24,-5,-9,0,3,3,2,328
4.04,-20,0,0,9,1,6,-57,78,-2,-1,0,3,3,2,328
4.04,-20,0,1,10,3,-2,-83,332,-13,-5,2,3,3,2,328
4.04,-20,0,0,8,-5,0,-9,59,0,-2,3,3,3,2,328
4.04,-20,0,0,9,3,-7,-26,240,-2,-6,2,3,3,2,328
4.04,-20,0,0,9,-2,2,13,318,-1,0,1,3,3,2,328
4.04,-20,0,1,9,-8,-5,0,345,0,-5,3,3,3,2,328
4.04,-20,0,0,9,5,0,-7,22,-2,-8,3,3,3,2,328
4.04,-20,0,0,10,8,-9,-41,343,0,-8,1,3,3,2,329
4.04,-20,0,0,9,5,5,-50,33,-3,-4,1,3,3,2,329
4.04,-20,0,0,9,0,2,6,109,1,-3,0,3,3,2,329
4.04,-20,0,0,9,-2,-3,-29,22,-1,-2,3,3,3,2,329
4.04,-20,0,1,8,-2,-1,4,58,-2,-4,1,3,3,2,329
4.04,-20,0,0,10,2,7,36,357,-3,-4,3,3,3,2,329
4.04,-20,0,0,9,4,1,41,278,-1,-5,0,3,3,2,329
4.04,-20,0,0,9,-10,0,-42,279,-2,0,1,3,3,2,329
4.03,-20,0,1,9,-12,0,51,302,0,-3,3,3,3,2,329
4.04,-20,0,0,9,-9,-3,41,297,0,-2,1,3,3,2,329
4.04,-20,0,0,8,-1,1,10,27,-3,-3,0,3,3,2,329
4.04,-20,0,0,8,0,0,31,29,-2,-1,2,3,3,2,329
4.04,-20,0,0,10,1,-7,-16,56,0,-2,3,3,3,2,330
4.04,-21,0,0,9,7,-8,-53,57,-1,-7,2,3,3,2,330
4.04,-21,0,0,9,2,5,-38,204,-3,-5,3,3,3,2,330
4.04,-21,0,1,9,-2,5,62,327,-1,-5,1,3,3,2,330
4.04,-21,0,0,9,1,0,1,194,0,-5,3,3,3,2,330
4.04,-21,0,1,10,-2,5,42,27,-4,-6,2,3,3,2,330
4.04,-21,0,0,9,1,8,65,143,-3,-7,3,3,3,2,330
4.04,-21,0,0,9,6,-4,-13,320,-1,-8,3,3,3,2,330
4.04,-21,0,1,9,-7,-5,1,331,0,-3,2,3,3,2,330
4.04,-21,0,0,9,0,-3,-20,55,0,-3,3,3,3,2,330
4.03,-21,0,0,9,0,-2,0,116,0,-5,2,3,3,2,330
4.04,-21,0,0,10,5,-2,-3,128,0,-7,3,3,3,2,330
4.04,-21,0,1,9,-7,1,26,87,-2,-2,3,3,3,2,331
4.04,-21,0,1,9,0,0,-14,254,0,-6,1,3,3,2,331
4.04,-21,0,0,9,-5,7,55,144,-3,-3,2,3,3,2,331
4.04,-21,0,0,9,-4,0,52,238,0,-6,3,3,3,2,331
4.03,-21,0,0,9,-1,0,9,96,0,-5,2,3,3,2,331
4.03,-21,0,0,9,-5,0,-1,110,0,-1,3,3,3,2,331
4.03,-21,0,0,9,2,-3,-47,202,-2,-5,3,3,3,2,331
4.03,-21,0,0,9,0,-3,-40,53,0,-5,1,3,3,2,331
4.03,-21,0,0,9,0,-9,-60,331,1,-5,3,3,3,2,331
4.04,-21,0,0,9,2,-12,-54,2,2,-5,3,3,3,2,331
4.03,-21,0,1,9,-2,-6,-53,260,-1,-5,2,3,3,2,331
4.03,-21,0,0,9,1,-2,34,65,-1,-3,0,3,3,2,331
4.03,-21,0,0,9,-5,8,49,92,-3,-2,1,3,3,2,332
4.03,-21,0,0,10,-1,-2,33,162,2,-3,1,3,3,2,332
4.03,-21,0,1,9,-6,16,119,13,-6,-4,3,3,3,2,332
4.03,-21,0,1,9,-7,10,100,328,0,-5,2,3,3,2,332
4.03,-21,0,1,9,-5,7,100,191,0,-3,1,3,3,2,332
4.03,-21,0,1,9,-3,11,65,140,-4,-8,3,3,3,2,332
4.03,-21,0,1,9,0,8,88,201,-5,-7,1,3,3,2,332
4.03,-21,0,0,8,-4,9,69,241,-3,-5,2,3,3,2,332
4.03,-21,0,0,9,1,0,12,64,-2,-6,2,3,3,2,332
4.03,-21,0,0,9,-2,3,19,52,-3,-2,3,3,3,2,332
4.03,-21,0,1,9,-6,10,123,324,-5,-4,2,3,3,2,332
4.03,-21,0,1,8,-4,13,81,250,-2,-4,3,3,3,2,332
4.03,-21,0,1,10,-2,10,76,185,0,-4,2,3,3,2,333
4.03,-21,0,0,9,-5,3,55,255,-1,0,3,3,3,2,333
4.03,-21,0,0,9,-1,3,37,104,0,-4,2,3,3,2,333
4.03,-21,0,0,9,0,2,9,331,-2,-3,0,3,3,1,333
4.03,-21,0,0,10,-6,-1,15,300,0,-1,0,3,3,1,333
4.03,-21,0,0,9,5,0,-16,301,-1,-6,0,3,3,1,333
4.03,-21,0,1,9,-5,-7,15,1,0,-5,0,3,3,1,333
4.03,-21,0,0,8,2,-8,-44,6,-1,-7,0,3,3,1,333
4.03,-21,0,1,9,-3,-5,-55,213,0,-3,3,3,3,1,333
4.03,-21,0,0,9,4,-3,-51,57,0,-6,2,3,3,1,333
4.03,-21,0,0,8,2,0,32,116,1,-6,3,3,3,2,333
4.03,-21,0,1,10,-11,8,75,357,-1,0,2,3,3,2,334
4.03,-21,0,1,10,3,12,116,161,-5,-8,3,3,3,2,334
4.03,-21,0,1,9,0,13,70,50,-6,-10,1,3,3,2,334
4.03,-21,0,0,9,-10,9,29,134,-2,-2,1,3,3,2,334
4.03,-21,0,0,9,-1,-1,-1,229,-1,-6,2,3,3,2,334
4.03,-21,0,0,10,-5,3,40,74,-2,-2,2,3,3,2,334
4.03,-21,0,0,9,-7,9,41,270,-5,-2,3,3,3,2,334
4.03,-21,0,0,9,1,-1,27,252,-2,-4,1,3,3,2,334
4.03,-21,0,0,9,1,-3,-35,19,-2,-6,1,3,3,2,334
4.03,-21,0,0,9,1,0,-16,104,-2,-4,3,3,3,2,334
4.03,-21,0,0,10,-1,-8,-32,198,1,-4,3,3,3,2,334
4.03,-21,0,1,9,-2,-5,-60,350,0,-2,3,3,3,2,334
4.03,-21,0,0,9,-3,-4,-22,201,0,-2,3,3,3,2,335
4.03,-21,0,0,9,5,1,-80,37,-5,-6,1,3,3,2,335
4.03,-21,0,1,9,0,-8,-26,232,0,-5,0,3,3,2,335
4.03,-21,0,0,10,-1,8,-25,45,-5,-2,2,3,3,2,335
4.03,-21,0,0,9,2,1,-50,272,-2,-2,3,3,3,2,335
4.03,-21,0,0,9,3,-1,-56,207,-5,-6,1,3,3,2,335
4.03,-21,0,1,9,1,-2,-43,45,-2,-8,3,3,3,2,335
4.03,-21,0,1,9,-4,2,57,237,-1,-2,3,3,3,2,335
4.03,-21,0,0,9,6,10,29,26,-4,-7,1,3,3,2,335
4.03,-21,0,1,9,-7,3,20,259,-3,-3,3,3,3,2,335
4.03,-21,0,0,8,-8,6,71,339,-3,-2,3,3,3,2,335
4.03,-21,0,1,10,2,10,69,232,-1,-7,2,3,3,2,335
4.03,-21,0,0,9,-1,8,35,310,-1,-2,2,3,3,2,336
4.03,-21,0,0,9,-5,1,4,218,-1,-2,3,3,3,2,336
4.03,-21,0,0,9,-5,0,41,248,0,-2,3,3,3,2,336
4.03,-21,0,0,9,0,-12,-30,2,1,-3,1,3,3,2,336
4.03,-21,0,0,9,1,-9,-22,36,1,-3,3,3,3,2,336
4.03,-21,0,1,10,-9,2,38,336,-1,-2,3,3,3,2,336
4.03,-21,0,0,9,2,3,20,260,0,-3,0,3,3,2,336
4.03,-21,0,1,9,7,-2,-48,7,-1,-9,2,3,3,2,336
4.03,-21,0,1,9,-7,12,95,139,-8,-9,3,3,3,2,336
4.03,-21,0,0,10,0,11,64,53,-2,-3,0,3,3,2,336
4.03,-21,0,0,10,-9,12,44,217,-6,-2,3,3,3,2,336
4.03,-21,0,1,9,-1,14,70,343,-4,-6,1,3,3,2,336
4.03,-21,0,0,9,-4,2,97,5,-3,-7,1,3,3,2,337
4.03,-21,0,0,9,0,6,72,311,0,-5,1,3,3,2,337
4.03,-21,0,0,9,-1,2,52,297,0,-4,3,3,3,2,337
4.03,-21,0,0,9,-2,7,27,183,-4,-5,3,3,3,2,337
4.03,-21,0,0,9,-3,7,42,356,-3,-3,2,3,3,2,337
4.03,-21,0,0,9,3,-5,-20,176,0,-5,3,3,3,2,337
4.03,-21,0,0,9,0,0,-20,242,-3,-2,3,3,3,2,337
4.03,-21,0,1,9,-4,0,-64,90,-5,-4,2,3,3,2,337
4.03,-21,0,0,9,-5,1,5,157,-2,-3,1,3,3,2,337
4.03,-21,0,1,9,-4,0,0,236,-3,-4,3,3,3,2,337
4.03,-21,0,1,9,-5,14,86,267,-8,-10,2,3,3,2,337
4.03,-21,0,1,10,-10,11,30,331,-5,-5,3,3,3,2,337
4.03,-21,0,1,9,0,10,90,339,-2,-10,3,3,3,2,338
4.03,-21,0,0,10,-10,16,57,129,-7,-2,2,3,3,2,338
4.03,-21,0,1,9,-7,-4,-4,242,-4,-9,2,3,3,2,338
4.03,-21,0,0,9,-11,19,78,317,-6,1,3,3,3,2,338
4.03,-21,0,0,9,-11,-2,47,5,0,-5,3,3,3,2,338
4.03,-21,0,1,9,7,-6,-139,49,-9,-14,0,3,3,2,338
4.03,-21,0,0,9,-5,0,-89,119,0,2,2,3,3,2,338
4.03,-21,0,1,9,1,-10,-25,243,-4,-6,2,3,3,2,338
4.03,-21,0,0,9,3,-7,-53,20,0,-5,0,3,3,2,338
4.03,-21,0,0,9,-4,-2,50,338,1,-1,3,3,3,2,338
4.03,-21,0,0,8,1,0,6,147,1,-5,0,3,3,2,338
4.03,-21,0,1,9,-9,1,41,111,-1,-1,3,3,3,2,338
4.03,-21,0,0,9,-8,8,50,18,-2,-1,2,3,3,2,339
4.03,-21,0,0,9,7,-2,-62,172,-3,-7,3,3,3,2,339
4.03,-21,0,0,9,-3,-5,-9,38,-1,-4,2,3,3,2,339
4.03,-21,0,0,9,-2,-2,0,139,-2,-1,3,3,3,2,339
4.03,-21,0,0,9,-1,-3,35,195,0,-3,3,3,3,2,339
4.03,-21,0,0,9,-3,0,30,176,-3,-4,3,3,3,2,339
4.03,-21,0,0,9,-8,-2,4,95,1,-3,1,3,3,2,339
4.03,-21,0,0,8,4,-4,-21,162,-2,-4,2,3,3,2,339
4.03,-21,0,0,9,1,-2,-19,250,1,-4,2,3,3,2,339
4.03,-21,0,1,10,-10,0,56,156,0,-2,1,3,3,2,339
4.03,-21,0,0,8,0,4,59,267,-3,-4,3,3,3,2,339
4.03,-21,0,0,9,-4,-4,-8,348,-1,-1,2,3,3,2,339
4.03,-21,0,0,9,-8,-4,-21,27,-1,-1,3,3,3,2,340
4.03,-21,0,1,9,0,0,17,12,-1,-8,2,3,3,2,340
4.03,-21,0,0,9,-3,-1,-5,77,-3,-6,2,3,3,2,340
4.03,-21,0,0,9,0,0,-43,181,-3,-3,3,3,3,2,340
4.03,-21,0,1,9,5,-6,-102,68,-5,-6,1,3,3,2,340
4.03,-21,0,0,9,2,1,-39,52,-6,-5,1,3,3,2,340
4.03,-21,0,0,9,-1,-9,12,234,0,-5,2,3,3,2,340
4.03,-21,0,0,9,-4,2,29,219,-3,-2,1,3,3,2,340
4.03,-21,0,0,9,-3,-3,20,313,0,-2,2,3,3,2,340
4.03,-21,0,0,8,3,6,48,77,0,-2,0,3,3,2,340
4.03,-21,0,0,9,-6,6,40,17,-5,-1,1,3,3,2,340
4.03,-21,0,0,10,4,6,-9,322,-3,-7,3,3,3,2,340
4.03,-21,0,0,9,0,2,39,160,0,-2,1,3,3,2,341
4.03,-21,0,0,8,5,3,33,13,-2,-8,2,3,3,2,341
4.03,-21,0,0,10,0,-3,14,296,0,-5,2,3,3,2,341
4.03,-21,0,1,9,-11,3,33,271,-2,-2,2,3,3,2,341
4.03,-21,0,1,9,-5,16,92,268,-5,-9,3,3,3,2,341
4.03,-21,0,0,9,3,6,43,205,0,-5,3,3,3,2,341
4.03,-21,0,0,9,0,2,43,58,-2,-6,3,3,3,2,341
4.03,-21,0,0,8,1,-8,-30,2,0,-5,2,3,3,2,341
4.03,-21,0,0,9,1,-4,-45,43,-1,-4,3,3,3,2,341
4.03,-21,0,0,9,2,-1,-27,134,-1,-6,2,3,3,2,341
4.03,-21,0,0,9,3,0,-27,171,-3,-6,3,3,3,2,341
4.03,-21,0,0,9,0,0,-3,147,0,-3,2,3,3,2,341
4.03,-21,0,0,9,0,2,10,151,0,-3,2,3,3,2,342
4.03,-20,0,0,8,-5,-1,3,191,-1,-2,2,3,3,2,342
4.03,-21,0,0,9,-3,-3,6,266,-1,-5,3,3,3,2,342
4.03,-21,0,0,9,3,-7,-49,348,-1,-3,1,3,3,2,342
4.03,-21,0,0,9,2,0,-25,137,0,-5,2,3,3,2,342
4.03,-21,0,1,9,0,-1,-16,277,-3,-6,3,3,3,2,342
4.03,-21,0,0,9,6,-4,-54,357,-2,-7,3,3,3,2,342
4.03,-21,0,0,9,-6,0,-16,136,-2,-2,3,3,3,2,342
4.03,-21,0,0,9,-1,-2,13,257,-1,-3,3,3,3,1,342
4.03,-21,0,0,9,6,-6,-44,9,-1,-7,2,3,3,1,342
4.03,-21,0,0,9,-1,2,-17,105,-2,-2,2,3,3,1,342
4.03,-21,0,0,9,3,-8,-41,247,0,-6,3,3,3,1,342
4.03,-21,0,0,10,-3,-4,35,204,0,-2,2,3,3,1,343
4.03,-20,0,0,9,-1,0,25,11,1,-6,2,3,3,2,343
4.03,-20,0,0,9,-4,10,40,242,-4,-4,3,3,3,2,343
4.03,-20,0,1,10,-4,11,92,323,-2,-7,3,3,3,2,343
4.03,-20,0,1,10,2,10,86,256,-3,-10,2,3,3,2,343
4.03,-20,0,0,9,0,-1,22,308,0,-6,3,3,3,2,343
4.03,-20,0,0,9,2,-2,16,241,0,-7,0,3,3,1,343
4.03,-20,0,0,9,0,0,-11,306,0,-2,2,3,3,1,343
4.03,-20,0,1,9,1,-7,-71,155,-5,-8,0,3,3,2,343
4.03,-20,0,0,9,-6,2,2,199,-3,-2,3,3,3,2,343
4.03,-20,0,0,9,-8,3,49,284,-4,-2,3,3,3,2,343
4.03,-20,0,1,9,1,17,114,253,-5,-14,3,3,3,2,343
4.03,-20,0,1,9,-4,13,53,285,-3,-6,2,3,3,2,344
4.03,-20,0,0,9,-4,4,73,134,-4,-3,2,3,3,2,344
4.03,-20,0,0,9,-1,12,68,114,-3,-8,2,3,3,2,344
4.03,-20,0,1,9,0,6,30,280,-4,-5,2,3,3,2,344
4.03,-20,0,1,9,-5,18,112,247,-6,-4,3,3,3,2,344
4.03,-20,0,0,9,-4,2,-4,312,0,-4,3,3,3,2,344
4.03,-20,0,1,10,4,-7,-12,334,-1,-9,2,3,3,2,344
4.03,-20,0,1,9,5,-18,-57,329,-2,-7,1,3,3,2,344
4.03,-20,0,0,9,0,-2,-25,358,-1,-2,3,3,3,2,344
4.03,-20,0,0,9,3,-8,-50,140,2,-5,1,3,3,2,344
4.03,-20,0,0,9,5,-1,-43,284,0,-5,3,3,3,2,344
4.03,-20,0,1,9,-4,7,72,149,-6,-4,0,3,3,2,344
4.03,-20,0,0,9,0,13,70,118,-4,-7,2,3,3,2,345
4.03,-20,0,1,9,-3,2,1,280,-3,-6,2,3,3,2,345
4.03,-20,0,0,9,-4,11,86,16,-6,-9,2,3,3,2,345
4.03,-20,0,0,9,2,10,27,32,-5,-6,2,3,3,2,345
4.03,-20,0,1,10,-4,10,73,90,-3,-6,3,3,3,2,345
4.03,-20,0,1,9,-10,15,81,92,-2,-2,0,3,3,2,345
4.03,-20,0,0,9,-6,8,74,36,-1,-3,3,3,3,2,345
4.03,-20,0,0,9,-4,7,71,107,-1,-5,3,3,3,2,345
4.03,-20,0,0,9,-8,6,50,148,-2,-1,2,3,3,2,345
4.03,-20,0,0,8,4,2,-12,356,-2,-6,1,3,3,2,345
4.03,-20,0,0,9,0,-1,-17,91,0,-4,3,3,3,2,345
4.03,-20,0,1,9,2,-3,-71,281,0,-6,3,3,3,2,345
4.03,-20,0,0,9,0,-3,-10,68,1,-4,3,3,3,2,346
4.03,-20,0,0,9,-4,-2,-8,247,-3,-3,3,3,3,2,346
4.03,-20,0,0,9,2,-2,-42,38,-2,-5,3,3,3,2,346
4.03,-20,0,1,9,-4,0,-7,228,-1,-4,3,3,3,2,346
4.03,-20,0,1,10,6,-3,-98,58,-7,-7,3,3,3,2,346
4.03,-20,0,1,9,5,-9,-87,332,0,-8,3,3,3,2,346
4.03,-20,0,0,9,-1,0,-20,118,-1,-4,3,3,3,2,346
4.03,-20,0,0,10,-5,-3,-38,238,0,-1,3,3,3,2,346
4.03,-20,0,0,9,1,-3,-60,132,-2,-3,1,3,3,1,346
4.02,-20,0,1,9,-3,1,-5,3,-3,-3,1,3,3,1,346
4.03,-20,0,0,9,0,-4,4,131,-1,-4,2,3,3,1,346
4.03,-20,0,0,9,1,4,-41,258,-4,-3,0,3,3,1,347
4.03,-20,0,0,8,7,-5,-87,171,-2,-4,0,3,3,1,347
4.03,-20,0,0,10,4,-2,-89,188,-2,-2,0,3,3,1,347
4.03,-20,0,1,9,-4,-9,-97,311,-1,-6,0,3,3,1,347
4.03,-20,0,1,9,-1,-5,-75,336,-4,-4,0,3,3,1,347
4.03,-20,0,1,10,2,-14,-121,359,-4,-9,0,3,3,1,347
4.03,-20,0,1,9,0,-8,-66,344,-3,-5,0,3,3,1,347
4.03,-20,0,0,9,-3,-5,-19,151,0,-5,0,3,3,1,347
4.03,-20,0,0,9,0,0,-14,285,-2,-3,0,3,3,1,347
4.02,-20,0,0,10,0,-4,-51,196,-3,-4,0,3,3,1,347
4.03,-20,0,1,10,-2,1,-80,82,-4,-2,0,3,3,1,347
4.03,-20,0,0,9,3,-4,-54,335,-3,-4,0,3,3,1,347
4.03,-20,0,0,9,1,-2,-4,130,0,-5,0,3,3,1,348
4.03,-20,0,0,9,-3,-4,30,171,0,-3,0,3,3,1,348
4.03,-20,0,1,9,-9,5,31,115,-3,-3,0,3,3,1,348
4.03,-20,0,1,9,-1,14,89,88,0,-9,0,3,3,1,348
4.03,-20,0,0,9,-4,1,42,128,0,-4,0,3,3,1,348
4.03,-20,0,0,9,-6,1,4,51,-1,-2,0,3,3,1,348
4.03,-20,0,1,9,-3,-4,-16,106,-1,-7,0,3,3,1,348
4.02,-20,0,0,9,3,-3,-19,73,2,-5,1,3,3,2,348
4.02,-20,0,1,9,-7,10,123,335,-7,-1,3,3,3,2,348
4.03,-19,0,0,10,5,4,93,233,3,-10,3,3,3,2,348
4.02,-20,0,0,9,0,-2,39,247,0,-3,2,3,3,2,348
4.03,-20,0,0,9,1,8,11,94,-4,-6,2,3,3,2,348
4.03,-19,0,1,9,-7,1,62,307,-1,-2,3,3,3,2,349
4.03,-19,0,0,9,-5,-2,30,67,0,-2,2,3,3,2,349
4.03,-19,0,0,9,-2,6,25,346,-5,-5,2,3,3,2,349
4.02,-19,0,0,9,-4,3,21,68,-2,-3,2,3,3,2,349
4.02,-19,0,0,10,1,4,32,254,-4,-6,2,3,3,2,349
4.02,-19,0,0,8,1,3,-11,263,-1,-3,3,3,3,2,349
4.02,-19,0,1,9,2,-2,-26,71,-2,-7,3,3,3,2,349
4.02,-19,0,0,9,-6,-2,-10,186,-2,-3,1,3,3,2,349
4.03,-19,0,0,9,-3,2,1,152,-1,-4,3,3,3,2,349
4.02,-19,0,0,9,-2,2,52,5,0,-1,3,3,3,2,349
4.02,-19,0,0,9,1,7,65,268,-5,-5,1,3,3,2,349
4.02,-19,0,0,9,4,-8,-27,99,0,-7,2,3,3,2,349
4.02,-19,0,0,9,-2,-8,-71,307,1,-2,2,3,3,2,350
4.02,-19,0,0,9,5,-7,-98,38,0,-8,0,3,3,2,350
4.02,-19,0,0,9,1,-5,16,341,1,-4,1,3,3,2,350
4.02,-19,0,0,9,12,-2,-42,94,0,-7,1,3,3,2,350
4.02,-19,0,0,9,-8,9,81,348,-8,-6,3,3,3,2,350
4.02,-19,0,0,10,6,1,56,248,2,-6,3,3,3,2,350
4.02,-19,0,0,9,4,7,36,99,-4,-7,3,3,3,2,350
4.02,-19,0,1,9,-6,12,96,202,-5,-4,3,3,3,2,350
4.02,-19,0,1,10,0,7,33,151,-1,-7,3,3,3,2,350
4.02,-19,0,1,9,-5,18,107,258,-9,-5,3,3,3,2,350
4.02,-19,0,0,9,1,10,55,251,-3,-6,2,3,3,2,350
4.02,-19,0,0,10,2,3,16,121,-4,-5,3,3,3,2,350
4.02,-19,0,1,9,-5,-12,-81,290,1,-3,1,3,3,2,351
4.02,-19,0,1,9,1,-10,-43,2,-2,-5,2,3,3,2,351
4.02,-19,0,0,9,-2,-6,-45,169,1,-3,1,3,3,2,351
4.02,-19,0,1,9,-3,-3,-23,43,-4,-4,2,3,3,2,351
4.02,-19,0,1,9,-2,-1,11,143,-2,-4,2,3,3,2,351
4.02,-19,0,0,9,-2,0,-4,139,-2,-4,3,3,3,2,351
4.02,-19,0,0,9,-1,2,12,117,0,-2,2,3,3,2,351
4.02,-19,0,0,9,0,-4,-24,224,-2,-4,3,3,3,2,351
4.02,-19,0,0,9,-2,0,-5,333,0,-2,2,3,3,2,351
4.02,-19,0,0,9,5,-5,-24,77,0,-5,3,3,3,2,351
4.02,-19,0,0,9,-4,2,-54,165,-2,-1,1,3,3,2,351
4.02,-18,0,0,9,2,-1,-73,53,-5,-3,2,3,3,2,351
4.02,-19,0,0,9,-2,0,-87,66,-2,-1,2,3,3,2,352
4.02,-19,0,1,9,8,-6,-52,106,-1,-9,2,3,3,2,352
4.02,-19,0,0,9,-7,-5,10,350,1,-2,3,3,3,2,352
4.02,-19,0,0,9,0,-6,-87,190,0,-3,0,3,3,2,352
4.02,-19,0,0,9,7,-12,-79,249,2,-8,0,3,3,2,352
4.02,-19,0,1,10,-4,-7,24,200,0,-6,3,3,3,2,352
4.02,-19,0,0,9,3,-1,-56,23,0,-5,1,3,3,2,352
4.02,-18,0,0,9,0,-3,-6,300,-1,-2,1,3,3,2,352
4.02,-19,0,0,9,7,2,-34,166,-4,-8,2,3,3,2,352
4.02,-18,0,0,9,-7,-1,7,353,-1,-3,3,3,3,2,352
4.02,-18,0,0,9,0,-1,1,288,0,-7,3,3,3,2,352
4.02,-18,0,0,9,0,-8,-18,260,2,-5,0,3,3,2,352
4.02,-18,0,0,9,6,0,-44,15,-4,-5,2,3,3,2,353
4.02,-18,0,1,9,4,-4,-6,173,0,-8,3,3,3,2,353
4.02,-18,0,0,9,2,2,-50,266,-3,-5,3,3,3,2,353
4.02,-18,0,0,9,-1,-4,-49,147,-4,-3,2,3,3,2,353
4.02,-18,0,0,9,0,-2,-66,47,-3,-4,2,3,3,2,353
4.02,-18,0,0,9,-1,-1,0,155,0,-5,3,3,3,2,353
4.02,-18,0,0,9,0,0,9,199,-3,-3,3,3,3,2,353
4.02,-18,0,0,9,-2,2,12,213,-3,-3,2,3,3,2,353
4.02,-18,0,0,9,-3,1,3,225,-2,-2,3,3,3,2,353
4.02,-18,0,1,9,-2,-2,11,288,-1,-6,0,3,3,2,353
4.02,-18,0,1,9,2,-2,-36,307,-3,-7,2,3,3,2,353
4.02,-18,0,0,9,3,1,-46,345,-5,-7,3,3,3,2,353
4.02,-18,0,0,9,-1,0,28,356,-2,-5,2,3,3,2,354
4.02,-18,0,0,9,0,0,13,17,-2,-5,2,3,3,1,354
4.02,-18,0,0,9,-1,1,-7,59,-2,-1,3,3,3,2,354
4.02,-18,0,0,9,-6,0,48,85,0,-2,1,3,3,2,354
4.02,-18,0,0,9,-5,5,29,21,-3,-5,3,3,3,2,354
4.02,-18,0,1,9,-1,19,116,28,-8,-10,1,3,3,2,354
4.02,-18,0,0,9,3,0,80,240,0,-5,2,3,3,2,354
4.02,-18,0,0,9,0,5,32,64,1,-6,2,3,3,2,354
4.02,-18,0,0,9,-2,-2,-3,6,2,-2,0,3,3,2,354
4.02,-18,0,0,9,7,-2,-63,140,-4,-6,3,3,3,2,354
4.02,-18,0,0,9,1,-10,-30,3,1,-6,2,3,3,2,354
4.02,-18,0,0,9,0,-1,-35,159,0,-3,2,3,3,2,354
4.02,-18,0,0,9,3,2,-15,307,-2,-7,3,3,3,2,355
4.02,-18,0,0,9,0,1,-7,36,-3,-5,1,3,3,2,355
4.02,-18,0,0,9,1,1,-6,34,0,-5,3,3,3,1,355
4.02,-18,0,0,9,0,-1,-23,53,0,-5,0,3,3,1,355
4.02,-18,0,0,9,1,-3,-24,96,0,-6,0,3,3,1,355
4.02,-18,0,0,9,4,-1,-11,90,-1,-7,3,3,3,1,355
4.02,-18,0,0,9,1,-1,23,64,0,-4,2,3,3,1,355
4.02,-18,0,0,9,-3,2,5,35,-4,-3,0,3,3,1,355
4.02,-17,0,0,9,-1,-6,19,202,1,-2,0,3,3,1,355
4.02,-17,0,0,9,0,8,2,81,-3,-6,0,3,3,1,355
4.02,-17,0,0,9,-1,6,83,230,-6,-7,1,3,3,2,355
4.02,-17,0,0,10,4,4,83,128,-1,-10,2,3,3,2,355
4.02,-17,0,1,9,-8,0,22,270,1,-4,1,3,3,2,356
4.02,-17,0,0,9,-3,-5,-28,242,1,-4,0,3,3,2,356
4.02,-17,0,1,9,1,-15,-99,229,0,-8,3,3,3,2,356
4.02,-17,0,0,9,6,-7,-51,165,0,-9,3,3,3,2,356
4.02,-17,0,1,9,-7,-7,-50,30,0,-3,3,3,3,2,356
4.02,-17,0,0,9,3,-4,-91,327,0,-6,1,3,3,2,356
4.02,-17,0,0,9,6,-5,6,300,2,-5,0,3,3,2,356
4.02,-17,0,0,9,0,-2,26,318,0,-2,3,3,3,2,356
4.02,-17,0,0,9,-3,7,0,255,-5,-5,3,3,3,2,356
4.02,-17,0,0,9,-3,17,101,251,-1,-7,3,3,3,2,356
4.02,-17,0,0,9,-2,2,29,306,-1,-7,1,3,3,2,356
4.02,-17,0,0,10,-9,15,91,102,-5,-1,2,3,3,2,356
4.02,-17,0,0,9,-2,20,97,8,-3,-3,2,3,3,2,357
4.02,-17,0,0,9,3,14,89,271,-5,-4,2,3,3,2,357
4.02,-17,0,0,9,2,-2,32,47,0,-7,2,3,3,2,357
4.02,-17,0,0,9,4,-8,-38,1,1,-8,1,3,3,2,357
4.02,-17,0,0,10,6,0,4,0,0,-7,2,3,3,2,357
4.02,-17,0,1,9,-7,3,41,251,-3,-3,3,3,3,2,357
4.02,-17,0,0,9,-5,12,84,256,-2,-7,3,3,3,2,357
4.02,-17,0,0,9,2,6,33,291,-2,-9,3,3,3,2,357
4.02,-17,0,0,9,-10,11,69,77,-4,-2,2,3,3,2,357
4.02,-17,0,1,9,-4,8,65,36,1,-7,1,3,3,2,357
4.02,-17,0,0,9,-2,6,48,153,-5,-6,0,3,3,2,357
4.02,-17,0,1,10,-1,12,57,168,-4,-7,3,3,3,2,357
4.02,-17,0,1,9,-8,13,58,244,-4,-5,2,3,3,2,358
4.02,-17,0,0,9,-5,9,73,342,-5,-7,3,3,3,2,358
4.02,-17,0,0,9,3,12,68,346,-3,-8,3,3,3,2,358
4.02,-17,0,1,9,-4,14,55,68,-6,-5,2,3,3,2,358
4.02,-16,0,0,9,0,13,64,64,-1,-7,3,3,3,2,358
4.02,-16,0,0,9,-3,0,48,204,-3,-7,1,3,3,2,358
4.02,-17,0,1,9,5,-4,-32,135,0,-8,2,3,3,2,358
4.02,-16,0,0,9,8,3,-26,159,-5,-7,3,3,3,2,358
4.02,-16,0,1,9,-5,-7,-19,342,0,-5,3,3,3,2,358
4.02,-16,0,0,9,-1,-5,-79,204,1,-3,2,3,3,2,358
4.02,-16,0,1,9,2,-9,-96,254,-1,-8,0,3,3,2,358
4.02,-16,0,1,9,5,-7,-40,233,0,-8,3,3,3,2,358
4.02,-16,0,0,9,5,4,-61,354,-3,-7,2,3,3,2,359
4.02,-16,0,0,9,-3,-4,-45,124,-2,-5,1,3,3,2,359
4.02,-16,0,1,9,4,1,-17,117,-4,-8,2,3,3,2,359
4.02,-16,0,0,9,-5,-5,1,327,1,-3,3,3,3,2,359
4.02,-16,0,0,9,-2,0,1,274,-1,-6,2,3,3,2,359
4.02,-16,0,0,9,4,-6,-32,259,-2,-8,2,3,3,2,359
4.02,-16,0,0,9,2,4,-32,311,-4,-4,3,3,3,2,359
4.02,-16,0,0,9,0,-8,-18,124,0,-6,2,3,3,2,359
4.02,-16,0,0,9,-1,-8,-74,299,1,-3,3,3,3,2,359
4.02,-16,0,0,9,8,-14,-97,328,1,-10,2,3,3,2,359
4.02,-16,0,0,9,-4,-8,-17,242,0,-5,0,3,3,2,359
4.02,-16,0,1,9,3,-11,-110,154,1,-8,2,3,3,2,359
4.02,-16,0,0,9,2,-8,-4,112,2,-5,3,3,3,2,360
4.02,-16,0,0,10,-3,-10,-93,46,-1,-2,3,3,3,2,360
4.02,-16,0,0,9,-2,-3,-83,335,-1,-2,3,3,3,2,360
4.02,-16,0,0,9,0,-9,-78,358,0,-6,3,3,3,2,360
4.02,-16,0,0,9,5,-11,-65,338,0,-8,2,3,3,2,360
4.02,-16,0,0,9,-1,-11,-60,225,0,-5,2,3,3,2,360
4.02,-16,0,0,9,3,-9,-68,173,0,-8,3,3,3,2,360
4.02,-16,0,0,9,-1,-10,-52,77,1,-5,3,3,3,2,360
4.02,-16,0,0,9,4,-7,-76,7,-1,-8,3,3,3,2,360
4.02,-16,0,0,9,-1,-5,-37,279,0,-4,2,3,3,1,360
4.02,-16,0,0,9,2,-5,-57,137,0,-5,1,3,3,1,360
4.02,-15,0,0,9,-1,-2,-39,39,-2,-3,0,3,3,1,361
4.02,-15,0,0,9,1,-5,-79,323,0,-5,0,3,3,1,361
4.02,-15,0,0,9,0,-4,-37,231,0,-6,0,3,3,1,361
4.02,-15,0,0,9,0,-1,-32,37,0,-3,0,3,3,1,361
4.02,-15,0,0,9,-1,0,-40,272,-1,-3,0,3,3,1,361
4.02,-15,0,0,9,0,-4,-48,156,-2,-3,0,3,3,1,361
4.02,-15,0,0,9,0,0,-13,319,-1,-4,0,3,3,1,361
4.02,-15,0,0,9,0,0,-22,27,-1,-4,0,3,3,1,361
4.02,-15,0,0,9,-1,-2,7,29,0,-3,0,3,3,1,361
4.02,-15,0,0,9,1,-3,-5,61,-2,-6,0,3,3,1,361
4.02,-15,0,0,9,0,1,-13,111,-3,-3,0,3,3,1,361
4.02,-15,0,0,10,-3,-5,2,227,1,-4,0,3,3,1,361
4.02,-15,0,0,9,-4,-4,1,247,-1,-4,0,3,3,1,362
4.02,-15,0,0,9,0,0,31,77,1,-4,0,3,3,1,362
4.02,-15,0,0,9,-8,8,71,333,-5,-2,0,3,3,1,362
4.02,-15,0,1,9,0,11,91,294,-1,-10,0,3,3,1,362
4.02,-15,0,0,9,3,4,44,296,0,-6,0,3,3,1,362
4.02,-15,0,0,9,-1,3,29,158,-4,-6,0,3,3,1,362
4.02,-15,0,1,9,0,16,91,168,-4,-8,1,3,3,1,362
4.02,-15,0,0,9,0,10,49,172,0,-5,0,3,3,1,362
4.02,-15,0,0,9,-2,6,37,3,-5,-4,0,3,3,1,362
4.02,-15,0,0,10,-6,-11,-10,153,2,-1,3,3,3,2,362
4.02,-15,0,1,9,-8,3,41,106,-1,-4,2,3,3,2,362
4.02,-15,0,1,9,-2,8,93,112,-6,-11,3,3,3,2,362
4.02,-15,0,0,9,0,0,66,31,2,-8,0,3,3,2,363
4.02,-15,0,0,10,-4,9,27,177,-4,-3,3,3,3,2,363
4.02,-15,0,0,9,-2,5,-19,156,-3,-3,2,3,3,2,363
4.02,-15,0,0,9,-1,4,13,190,0,-5,2,3,3,2,363
4.02,-14,0,0,9,0,0,11,122,1,-2,2,3,3,2,363
4.02,-15,0,0,9,-7,9,67,29,-4,-1,3,3,3,2,363
4.02,-14,0,1,9,-9,8,74,61,-2,-4,2,3,3,2,363
4.02,-14,0,0,9,-4,10,55,38,0,-6,0,3,3,2,363
4.02,-14,0,0,9,-1,4,39,93,-3,-7,2,3,3,2,363
4.02,-14,0,1,9,2,9,82,99,-5,-10,3,3,3,2,363
4.02,-14,0,0,9,0,14,72,151,-5,-5,3,3,3,2,363
4.02,-14,0,0,9,-1,0,36,292,-2,-6,3,3,3,2,363
4.02,-14,0,0,9,-4,6,20,167,0,-4,1,3,3,2,364
4.02,-14,0,1,9,-1,4,42,30,-2,-2,2,3,3,2,364
4.02,-14,0,0,9,-1,6,-6,332,-5,-4,3,3,3,2,364
4.02,-14,0,0,9,-9,0,61,105,0,-2,3,3,3,2,364
4.02,-14,0,0,9,1,0,33,224,-1,-2,1,3,3,2,364
4.02,-14,0,0,9,-3,4,11,181,-4,-3,1,3,3,2,364
4.02,-14,0,0,9,3,2,-10,124,-2,-6,3,3,3,2,364
4.02,-14,0,0,9,0,1,46,15,-2,-3,0,3,3,2,364
4.02,-14,0,0,9,-4,0,-19,61,-2,-1,2,3,3,2,364
4.02,-14,0,0,9,-1,-8,6,171,0,-5,2,3,3,2,364
4.02,-14,0,0,9,0,0,9,173,-3,-4,1,3,3,2,364
4.02,-14,0,0,9,-7,-5,0,280,0,-3,2,3,3,2,364
4.02,-14,0,0,9,2,-2,-64,109,0,-2,1,3,3,2,365
4.02,-14,0,0,9,-4,-6,-68,112,0,-2,3,3,3,2,365
4.02,-14,0,1,9,0,-10,-51,145,0,-7,2,3,3,2,365
4.02,-14,0,1,9,0,-5,-40,24,0,-6,3,3,3,2,365
4.02,-14,0,0,9,-2,-8,-55,281,0,-4,2,3,3,1,365
4.02,-14,0,1,9,2,-7,-63,286,-2,-7,0,3,3,1,365
4.02,-14,0,0,9,-4,-6,-15,140,0,-3,3,3,3,1,365
4.02,-14,0,1,9,1,-8,-95,29,0,-5,1,3,3,1,365
4.02,-14,0,0,9,4,-8,-41,39,0,-7,0,3,3,1,365
4.02,-14,0,1,9,-2,-4,-38,247,0,-6,0,3,3,1,365
4.02,-13,0,0,9,0,-9,-65,149,1,-4,0,3,3,1,365
4.02,-13,0,0,9,0,-8,-49,132,-2,-5,0,3,3,1,365
4.02,-13,0,0,9,0,-6,-22,332,1,-4,0,3,3,1,366
4.02,-13,0,0,9,0,-3,-61,190,-2,-4,0,3,3,1,366
